#,Author Name,Author Headline,Is Company,Author Profile URL,Post URL,Post Content,Time Posted,Shared Article Title,Shared Source Domain
1,Michele Berlato,Dottorando presso Università degli Studi di Padova,No,https://www.linkedin.com/in/ACoAAE6uQO4BWYo8-5ywv8jrrTkxnc6pxuGzXIs,https://www.linkedin.com/feed/update/urn:li:activity:7452250353271558144,"I've just released the prototype of my ifcSQL_Tools for QGIS!For anyone dealing with BIM and GIS interoperability, the plugin allows you to interact with IFC data stored in the ifcSQL database, directly within the QGIS environment.Key features include:- Load all your georeferenced IFC models and view them simultaneously on a map (in 2D or 3D)- Filter and display only the IFC classes that interest you- Delete the IFC models you no longer need from the databaseIn the attached GIF, you can see an example of a complete WWTP (Wastewater Treatment Plant) made up of 21 different IFC files, successfully imported and navigated in 3D.You can find the public repository along with the installation instructions here: https://lnkd.in/eUU-zkExThe tool is currently in the development phase. I invite you to test it out and share your feedback.This research work has been carried out during my PhD at University of Padova (Italy) together with multiutility company ETRA S.p.A. Società benefit. The implementation part has been carried out mainly during my stay at TU Delft as visiting PhD.I would like to thank: Prof. Carlo Zanchetta (University of Padova), Igino Taverna (ETRA S.p.A. Società benefit), Dr. Giorgio Agugiaro and Dr. Ken Arroyo Ohori (TU Delft). #BIMGIS #QGIS #IFC #ifcSQL #OpenBIM
              

        
          …ver más",1 día,,
2,Isma Sanz,Lead Designer + Head of Computational Design @ OBMI | Get my newsletter about Computational Design,No,https://www.linkedin.com/in/ACoAAA9X49gBZTkLpOGv8SWqMFR9hpxVZMfeNmE,https://www.linkedin.com/feed/update/urn:li:activity:7452344609445212160,"Computational designers are one of the most talented and passionate people in the AEC sector.But very often, they are isolated in their companies:- No colleagues who speak our language- No clear roadmap for their careers- No mentorshipI always thought this isolation was holding back so much potential...I figured that we needed a way to break down these silos and connect these brilliant minds together.So, a couple of months ago a decided to build a possible solution.I launched a global community specifically for computational designers.If you resonate with this idea, you can find more info about our community here! 👇https://tally.so/r/D4J4Zl#ComputationalDesign #DesignCommunity #TechCommunity #CareerGrowth #Mentorship #Networking
              

        
          …ver más",1 día,,
3,Thomas Chapman,LandArchTools | AEC Developer | Landscape Architect,No,https://www.linkedin.com/in/ACoAACy0ggsBVvKfs5_s9UXcYtTiN0JCRQWrPNw,https://www.linkedin.com/feed/update/urn:li:activity:7452219622541586433,"If my software can't handle 8+ hours of nightmare level stress testing, it doesn't ship.While building LandArchGrade I have subjected it to automated robot hell for 8+ hours a day for months leading up to the full release.I run these tests continually on spare hardware to track any degradation to performance, memory leaks or crashes.But mainly I do it because AEC software should be bulletproof, it is a matter of trust I want to have with anyone using my tools, that they survive whatever horrific trials you put it through, that they'll be a reliable partner 1hr before the deadline.LandArchGrade goes live early May, follow the link below to sign up for updates :)https://lnkd.in/e2B-ZSbQ
              

        
          …ver más",1 día,,
4,Ursula CardenasVignes,MSc Architektin & Stadtplanerin,No,https://www.linkedin.com/in/ACoAACnAMrQBuCjx8bDETMDa7k3tcxAU6tqvnLo,https://www.linkedin.com/feed/update/urn:li:activity:7451989173932249088,"Urban Planning meets Backend: Reading a city and reading a codebase are not that different.Territory, model systems, and the understanding on how people move through space. Turns out that's exactly the mental framework you need to build spatial tech.UP x Be can be found in Smart city pilot projects.(Source: BMWSB & KfW)There's no shortage of data. Cities are full of it:Sensor networks. Mobility flows. Land use patterns. Demographic layers.The problem isn't the data.The problem is that most smart city frameworks are built on „average city“ models. It optimize for efficiency and scale horizontally. But cities are vertical in complexity — every neighborhood, every migration pattern, every system is different.What's missing is personalization at the territorial level — tools that treat cities as living, context-specific systems, not templates to be replicated.That's the gap SIM by lTS builds.Image DesktopSetUp  By Author:What you're seeing on screen:→ Two interfaces in active development + slice of the backend that connects them.Built from scratch. Spatial thinking and real migration data.lünarTechStudio
              

        
          …ver más",2 días,,
5,Dr. Alvaro Cintas,Helping you master AI daily | Professor & Researcher,No,https://www.linkedin.com/in/ACoAAB4mdyIBzeE0zBsZ0870wxQNa_Z-E98q2vk,https://www.linkedin.com/feed/update/urn:li:activity:7449857516051693568,"🚨 BREAKING: Someone just built the exact tool Andrej Karpathy said someone should build.Your AI coding agent re-reads your entire codebase every session. Burning tokens on discovery before it can start working.Graphify fixes that. One command with any folder. A persistent knowledge graph comes out the other side.The part I find most interesting: it captures the “why” behind code, not just the “what.” Docstrings, design rationale from docs. All extracted and attached to the relevant code nodes.→ 71.5x fewer tokens per query→ 23 programming languages supported→ 26,000+ GitHub stars in 11 days→ Code stays local via tree-sitterWorks with Claude Code, Codex, Cursor, Gemini CLI, and about 8 other tools.100% open source (link in the comments)
              

        
          …ver más",1 semana,,
6,Ionut Ciuntuc,Civil Engineer & CAD/BIM modeler (that codes) | Co-founder Ciuntuc BIM Studio SRL | BubbleBIM and GraphML workflow automation developer,No,https://www.linkedin.com/in/ACoAABBfYnsBwpgsnXQk0J8qJuJabjFsvQNQyfA,https://www.linkedin.com/feed/update/urn:li:activity:7451140063591141376,"Imagine drawing your BIM requirements.Now imagine this drawing a neuronal graph - the digital DNA of your building.A shapeshifter.You make a change at one point, and it cascades through the entire model.Change a single interaxial dimension - it reacts elastically.Change the size or type of windows or doors - it adjusts.Change the entire architectural style - it adapts.Or the structural solution - it conforms.Now imagine your top project tailor fitted for a new beneficiary - in seconds.Geometry. Quantities. Cost calculations. A chain reaction.And this is before implementing any AI. Just humans in the loop.We live in the future!#BubbleBIMI honestly don't know how one can invoice a service done in seconds :-??""Who wants to work foreveeer?!"" Queen.
              

        
          …ver más",4 días,,
7,Nicole Keeney,Research software engineer building climate data tools and open science infrastructure,No,https://www.linkedin.com/in/ACoAACWrTu4BelQ_NhZFP_ovqj9HxLOTpuBbwiY,https://www.linkedin.com/feed/update/urn:li:activity:7450944603240697857,"I just rebuilt our entire climate data catalog from scratch, and made a cool web app to search and download from it! 😄 Link in the comments 👇  Everyone close to me knows I love my job, in part because I get a lot of space to learn and explore in my role. This past month, I went down a bit of a rabbit hole 😅 learning about STAC API. I ended up rebuilding our entire catalog— bulking it up to include all of Cal-Adapt’s 11 publicly available data collections, adding a bunch of cool new features & metadata, and learning a ton about database management and AWS along the way. And, I coded up a user-friendly web app that lets you search and download data from our catalog (built on top of Radiant Earth's awesome STAC Browser!).With this web app, you can see so much info about all our data that was previously pretty hard to access and search through, including: - metadata: scientific DOIs, licenses, geometry files 🌍 - the ability to query/filter data based on different features 💻  - easy download button for tabular and netcdf data 👇  - cute little animated icons for each dataset 🕺  - auto-generated code for each dataset that links to our custom open source python library for climate analysisAnd, I got to build it using open source tools, and make the final products open source as well! Yay! Would love to hear what you think!
              

        
          …ver más",5 días,,
8,George Kontsevik,Assistant Prof. in Urban Data Science at ITMO. | Lead Research Software Engineer,No,https://www.linkedin.com/in/ACoAACXDaMIBHi5NE3UxrJ4d7f5fV-jBHhRF99o,https://www.linkedin.com/feed/update/urn:li:activity:7450682132408156160,"☃️ Recently published in Applied Network Science Journal; Open Access; with full code and data available on GitHub.In remote urban agglomerations settlments depend on each other, so service accessibility is measured in hours or days, not in minutes.  However, such small networks of cities are vulnurable to environment-based percolations. In case of Arctic region — even simple seasonal temperature change lead to the reconfiguration of the whole netowork.Turns out, effects of it are not exactly the same for different areas — due to distribution of services, transportational systems and more. The full paper is available in Open Access at https://lnkd.in/eszzCH5SGitHub: https://lnkd.in/ecdBDe-X
              

        
          …ver más",5 días,,
9,Mariano Salas,GIS Product Owner & GIS Project Manager,No,https://www.linkedin.com/in/ACoAACAn5VUBhwZ0SgDawgSMOzdgMeUI3x7SFzw,https://www.linkedin.com/feed/update/urn:li:activity:7450215682815868928,"🤔  Sharing QGIS results with clients shouldn’t be this hardI often see teams exporting PDFs or screenshots from QGIS to share their work.But in many cases, what you actually want is:→ an interactive map→ accessible with a simple link→ no setup on the client side→ access can be secured with password protectionHere’s a simple example of a district heating network published with QGIS Cloud: 👉 https://lnkd.in/e6RN8VUAThis is directly connected to a QGIS project and can be updated at any time.Curious to hear how others are currently sharing their QGIS results.Solution 👉 #QGISCloudSourcepole
              

        
          …ver más",1 semana,,
10,Abhinav Bhardwaj,Building Something Cool | Architect | Urban and Computational designer | AI and Machine learning,No,https://www.linkedin.com/in/ACoAAClmqZ4BxwUStlBN8Qeuv9V1lor7q7hKe6I,https://www.linkedin.com/feed/update/urn:li:activity:7450088695828787200,"Claude skills for Architects! :)I have been exploring different possibilities lately, will all the developments I have been doing as well.These are the predefined knowledge systems which helps your automation workflows to really think and behave as an Architect, comprising 18 skills, ranging from code/compliance, environment/materials, Building envelope, spatial thinking, sustainability and production, etc, along with 7 python calculators!Github repo: https://lnkd.in/dMcS7tYAI hope it helps!
              

        
          …ver más",1 semana,,
11,Chinmay Shaligram,"Earth → Data → Insight | Co-Founder, Terra Helix",No,https://www.linkedin.com/in/ACoAAAN00r0BICoeWudOKA_M84wGSEpvRRyf6Js,https://www.linkedin.com/feed/update/urn:li:activity:7447612145443364864,"So, I made a thing: https://mapsum.devI was prototyping a map-based app and needed a placeholder for the map container. Not a grey box. An actual map. Turns out nobody has built a placeholder image service for maps. If you want one, you either wire up a mapping library or screenshot something and crop it.So I built Lorem Mapsum, which is a terrible name and I love it.You construct a URL with the dimensions you want and you get back a map image. You don't need an API key or an account. The maps are rendered from OpenStreetMap data. I downloaded city extracts via Osmium, turned them into vector tiles with Planetiler, and rendered master images through MapLibre and Puppeteer. The API crops and resizes on demand, and Cloudflare caches everything at the edge.I built most of it with Claude Code. I've been a bit averse towards vibe coding so far, so this was a good exercise to understand Claude Code and its complexities. It solves a small problem. I hope someone else finds it useful.
              

        
          …ver más",2 semanas,,
12,Om Bhagwat,Software Developer | Gen Ai | Tech Consultant,No,https://www.linkedin.com/in/ACoAAB4Kq6UBU4OBGS9jrNztkd4FbtdJI9y8-9Y,https://www.linkedin.com/feed/update/urn:li:activity:7449850525430370305,"Been hacking on a small side project, calling it Gh-Watch 👀It’s basically a Grasshopper plugin inspired by the Dynamo “Watch” node, but with a twist:you get a live 3D viewer embedded directly inside the component on the canvas. Plug in any geometry → it streams straight into an interactive Three.js viewport. No extra windows, no jumping around — everything stays in your flow.Still very early (things might break 😅), but it’s open source and I’d love to get some eyes on it. Feedback, ideas, contributions — all welcome!🔗 https://lnkd.in/eS2JHus8Also shoutout to Parametric House for the Grasshopper script used in the demo. 🙌Curious if something like this already exists for Grasshopper?#Grasshopper3D #ParametricDesign #ComputationalDesign #Rhino3D #GenerativeDesign #DesignTools #ArchitectureTech #AEC #3DVisualization #ThreeJS #WebGL #CreativeCoding #OpenSource #DevTools #PluginDevelopment #DesignWorkflow #TechInDesign #SideProject
              

        
          …ver más",1 semana,,
13,Hossein Maghami,Computational Designer,No,https://www.linkedin.com/in/ACoAABbsPoEBLLhNMYNv5XA4txR_8Du_Qa9G0_o,https://www.linkedin.com/feed/update/urn:li:activity:7448369110574379008,"Swallow for Rhino 8 is out! It's the first official version and is free to use.It's a mesh sculpting/painting tool inside Rhino 8, with different brushes, masking, and more...You can install it via package manager and find it on Food4Rhino :)https://lnkd.in/d5yNSqxcIt's still a work-in-progress plugin, so please let me know if you have any feedback or suggestions.
              

        
          …ver más",1 semana,,
14,César González,Ideador en Thnkng,No,https://www.linkedin.com/in/ACoAAAkYj_ABnp4LZiq3EynFvSAiXSbYdrgLgfU,https://www.linkedin.com/feed/update/urn:li:activity:7447130460729548800,"Un mapa georreferenciado que agrupa manuales de diseño de ciclovías de distintas ciudades y países.Hablamos de documentos técnicos que normalmente están dispersos, escondidos en portales institucionales o simplemente fuera del radar ciudadano. En conjunto, este mapa permite descargar mas de 500 guías en formato PDF que abarcan desde criterios de diseño geométrico hasta estrategias de implementación, seguridad vial, señalización y convivencia urbana.
            

        
          …ver más",2 semanas,El mapa que democratiza el diseño de ciclovías,
15,Lodovico Bruno,Innovation Project Manager in AEC | Swordfish 3D co-founder,No,https://www.linkedin.com/in/ACoAACLwRX0BzXy0sBHYSMC3xyqXdMyhNJEzRIg,https://www.linkedin.com/feed/update/urn:li:activity:7448290367244025856,"Transitioning from Grasshopper to Rhino is moving so fast 🏃🏻‍♂️‍➡️🏃🏻‍♂️‍➡️🏃🏻‍♂️‍➡️With #AI, it’s a completely different game: faster translations, instant feedback, and an incredible learning curve.What used to take days now takes hours, and leads to a much clearer understanding of the process.Try this new feature in Swordfish 3D for Rhino.Download from the Package Manager.#Rhino3D #Grasshopper3D #ComputationalDesign #AIinDesign #DesignAutomation #YachtDesign #NavalArchitecture #Swordfish3d
              

        
          …ver más",1 semana,,
16,Dora Zouboukos,Senior Geospatial Developer | Spatial Data Engineering | Automation,No,https://www.linkedin.com/in/ACoAAA_JU2IBwVLr4KaKkArXz3Mi0fkiGMXaNxU,https://www.linkedin.com/feed/update/urn:li:activity:7448061206919213057,"Designing an OSM-Based Accessibility Engine for Parcel-Level AnalysisIn many geospatial workflows, parcel accessibility is treated as a binary condition. Either a property is considered accessible due to proximity to a road, or it is not. In practice, this simplification breaks down quickly. Accessibility depends on multiple factors, including road classification, frontage, routing feasibility, and the reliability of underlying data sources.To address this, I built an accessibility engine using OpenStreetMap (OSM), Overpass API, and OSRM, combined with a spatial processing layer using Shapely and PyProj. The system evaluates parcels by first extracting nearby road geometries, filtering them based on public accessibility criteria, and computing spatial relationships to parcel boundaries. It then attempts to validate real-world reachability through routing, rather than relying solely on geometric proximity.A key design decision was to separate spatial computation from interpretation. Deterministic metrics, such as frontage length, minimum distance to road, and routing success, are computed first and normalized into a structured schema. From there, the system derives higher-level signals (e.g., physical access strength, frontage confidence, routing confirmation) and aggregates them into a scoring model. This approach avoids over-reliance on any single data source and provides a more realistic representation of access conditions.The system also accounts for real-world failure modes. External providers such as Overpass or routing services may fail or return incomplete data, so fallback logic and confidence degradation are built into the pipeline. Rather than forcing a binary outcome, the system surfaces uncertainty explicitly, allowing downstream consumers to make informed decisions.This type of layered approach, combining spatial geometry, network validation, and structured interpretation can serve as a foundation for broader geospatial decision systems, including land feasibility analysis, development screening, and automated underwriting workflows.#Geospatial #GIS #GeospatialEngineering #SpatialData #WebGIS #DataEngineering #SystemDesign #OpenStreetMap #SpatialAnalysis#PropTech #RealEstateTechnology #AppliedAI
              

        
          …ver más",1 semana,,
17,Srinivas Kolla,🌍 Merging AI & Geospatial Tech,No,https://www.linkedin.com/in/ACoAAEaFxs4B93BV1pem19JxL2pmkbc_YQ6xKJU,https://www.linkedin.com/feed/update/urn:li:activity:7448958084267294721,"From 3D City Model → Photorealistic Urban Scene.This is Generative GIS.By integrating diffusion models with GIS, we can move beyond traditional analysis into what I’d call Generative GIS.I built a ComfyUI pipeline that uses 3D GIS massing models as a structural blueprint for Stable Diffusion. It’s an alternative to traditional rendering engines, moving from explicit ray-tracing to neural synthesis.⚙️ The Pipeline:🔷 Input: ArcGIS 3D city massing (footprints + heights)🔷 Structural Guidance: Metric3D (Depth/Normals) + M-LSD Lines🔷 Control: ControlNet Union SDXL (keeping the geometry ""locked"")🔷 Inference: JuggernautXL v9 + Ultimate SD UpscaleThe idea is simple:Use the geometric intelligence inside a 3D GIS model as structural guidance, and let Stable Diffusion render a photorealistic world on top of it.When geospatial data becomes the blueprint and diffusion models become the renderer, urban visualization starts to change fundamentally.Happy to share the full ComfyUI workflow for anyone exploring this space.#DigitalTwin #GeospatialAI #SmartCities #ArchitectureAI #AIVisualization #GIS #GenerativeAI #StableDiffusion #UrbanPlanning #GeoAI #ComfyUI #0to100xengineer
              

        
          …ver más",1 semana,,
18,ILKER KARADAG,Architect & Associate Professor | Ranked Among Top 2% Scientists Worldwide,No,https://www.linkedin.com/in/ACoAAAnDSKEB0om3tI2R0HDJ1GMJrE3Fx5FPGkU,https://www.linkedin.com/feed/update/urn:li:activity:7448757195875422208,"We are pleased to share an exciting development from The Sustainable Urban Systems Lab. We have been working on an open-access machine learning model for urban wind prediction, and the results so far are very encouraging, with SSIM values ranging from 0.96 to 1.00 and an R² score of 0.95.The attached video presents some of the latest features of the model running in real time, with no speed-up. We aim to make both the model and the plugin completely free, with the hope of broadening access to these tools across the AEC sector. Stay tuned for more.Sustainable Urban Systems LabArthur Thach Patrick Kastner Ze Yu Jiang Alec Cheng  Aiko Hayashi Kevin Zhang
              

        
          …ver más",1 semana,,
19,Susana Saiz Alcazar,Director | Total Design Leader-Europe,No,https://www.linkedin.com/in/ACoAAAHBRdYBQr0Gc096RteMkoyfoVDmaigq-2w,https://www.linkedin.com/feed/update/urn:li:activity:7447381445326721025,"Excited to see the publication of the European Commission’s new guidance on decarbonising buildings.This milestone reflects a significant step forward in supporting the transition toward more sustainable, low-carbon built environments across Europe.Decarbonisation remains critical not only to reduce environmental impact and meet climate targets, but also for strong financial reasons. Lower carbon solutions often translate into improved energy efficiency, reduced operational costs, more efficient usage of resources, increased asset value, and better resilience to future regulation and market shifts, making it a key driver of long-term sustainability and competitiveness.At Arup  we are proud for having contributed and supported this effort along the way, it’s been a true collaborative journey. https://lnkd.in/eJSt9Tt9Let’s continue to build momentum and keep working towards a more resilient and sustainable built environment.#Sustainability #Decarbonisation #Buildings #ClimateAction #EU
            

        
          …ver más",2 semanas,Commission issues new guidance to decarbonise buildings,
20,Yuhao Lu,assistant professor | cities | earth observation | maps,No,https://www.linkedin.com/in/ACoAAAvMnUcB7fRjw5ruh5hg3smvFX8LLUrByDQ,https://www.linkedin.com/feed/update/urn:li:activity:7447713110272106497,"📢 New Publication: Open data-based urban models: an assessment for Canadian cities With Matthew Glowacki, Zach Pankratz, Reece Cullen, Ben Boswick, and Kyra KwiatkowskiFull paper is freely accessible via: https://lnkd.in/gQZgtZmJ Short research summary: https://lnkd.in/gryJ9m2z To democratize access to advanced urban models, this paper investigates the feasibility of utilizing Open Data-Based Urban Models (ODUMs) in Canada. It provides a comprehensive evaluation of municipal open data infrastructure across Canada and demonstrates its practical application at the City of Winnipeg. We developed an assessment framework to compare the open data portals of 11 North American cities, including Toronto, Montreal, Vancouver, and Winnipeg, and 3 international benchmark cities, namely Helsinki, Singapore, and Zurich. The open datasets were evaluated for timeliness, accessibility, and metadata quality to assess their readiness for GIS-based modelling. The assessment revealed significant cross-city variability and highlighted distinct gaps in Canada’s open data infrastructure. While vegetation and transportation datasets are consistently available and high-scoring across Canadian portals, critical layers such as buildings, energy, and socio-economic data are frequently absent or unevenly published as open datasets to researchers and the general public. This research establishes a replicable methodology for resource-constrained municipalities to build their own urban digital twins. Ultimately, we advocate establishing a national open data standard in Canada to improve data accessibility, enhance interoperability among cities, and further empower data-driven urban planning and community engagement.Many thanks the University of Manitoba’s University Research Grants Program (Early Career Stream) and the Faculty of Architecture for funding (research start-up funding for Y.L.) for this research. We also appreciate the valuable comments and suggestions from the editors at the Canadian Geographies and two anonymous reviewers.
              

        
          …ver más",1 semana,,
21,"Isaac Xiao🇸🇬 PMP®, CSM®, MSCS, ICP-ACC®, ICP-ATF®","PMP®, Certified ScrumMaster® (CSM®), MSCS, ICP-ACC®, ICP-ATF®, MIES",No,https://www.linkedin.com/in/ACoAAAeT518ByByFk49QU1EfT5wnfPNJBJ_L5Q8,https://www.linkedin.com/feed/update/urn:li:activity:7447833887248080896,"I am excited to share a visualization from a recent urban graph learning pipeline built with GeoPandas, NetworkX, and PyTorch Geometric.This graph represents Singapore's urban network using 478 planning zones and 5,574 bus stops. It includes 2,390 proximity edges connecting bus stops to nearby zones and 8,005 contiguity edges representing zone-to-zone adjacency, for a total of 10,395 edges.This hybrid structure captures both spatial proximity and administrative contiguity, which is a powerful foundation for urban mobility modeling, accessibility analysis, and graph-based transport forecasting.Graph representations like this help answer critical questions such as which zones are underserved by bus stops, how contiguity affects route planning, and where new stops should be added to maximize coverage.The pipeline was built with open tools and data from OpenStreetMap contributors, GeoPandas for spatial operations, NetworkX for graph construction, and PyTorch Geometric for downstream learning tasks.This is part of a #city2graph approach that turns cities into learnable graphs. #GraphNeuralNetworks #UrbanAnalytics #GeoPandas #PyTorchGeometric #Singapore #SmartCity #TransportModeling #NetworkX #OpenStreetMap
              

        
          …ver más",1 semana,,
22,Isaac Corley,| Director of AI/ML Research @ Taylor Geospatial | TorchGeo maintainer | AI for Earth |,No,https://www.linkedin.com/in/ACoAABfZIvQBYCrRQMgr9sk363H_Uv90DkL4eJg,https://www.linkedin.com/feed/update/urn:li:activity:7448064352378597376,"If you enjoyed the TerraBit app (1), then you'll enjoy knowing that I'm open sourcing it! (2) Feel free to contribute, optimize or build on top of it!If you like the aesthetic of the app, I've also created a `geospatial-frontend` SKILL.md by scraping my convos with Claude! You can install it from the geospatial-skills repo! (3)(1) https://lnkd.in/gTa-pdVp(2) https://lnkd.in/g-fVaAzC(3) https://lnkd.in/gR7PHqJN
              

        
          …ver más",1 semana,,
23,Thomas Chapman,LandArchTools | AEC Developer | Landscape Architect,No,https://www.linkedin.com/in/ACoAACy0ggsBVvKfs5_s9UXcYtTiN0JCRQWrPNw,https://www.linkedin.com/feed/update/urn:li:activity:7447176688297328640,"LandArchGrade Beta is now Live!I've been doing nothing but this plugin for the last couple of months, pouring everything I ever wanted into a grading tool, working 12 hour days everyday to get this done before my new role starts, I'm exhausted and very happy to have others testing it now.I designed LandArchGrade to require no training, to be instantly understandable but at the same time, powerful enough to handle the worlds most complex Landscape projects.Specifically, this is a rejection of the excel-ification of AEC software. Creative software should 𝘍𝘌𝘌𝘓 creativeBuilt on a custom geometry engine, built specifically for speed and (in my opinion) the most beautiful terrain triangulation in the game.Thank you again to everyone testing LandArchGrade today, I don't release this lightly, it is my child and I'm very proud of it, but I want it to be as good as it can be so please provide honest feedback.Check out LandAchGrade here and sign up to be notified when it goes live: https://lnkd.in/e2B-ZSbQ#AEC #Landscape #Architecture #Rhino #Grading
              

        
          …ver más",2 semanas,,
24,Chenyi Cai,Research Fellow at the National University of Singapore,No,https://www.linkedin.com/in/ACoAADOTGAABoSlrOH2O1OUP4q-1W7QBRFEWmfI,https://www.linkedin.com/feed/update/urn:li:activity:7439890428969246720,"How do urban planning regulations shape the performance of distributed solar energy systems?Our new article, “An integrated approach for assessing the impact of land-use regulations on distributed solar energy system performance”, which addresses the question, is now published in Sustainable Cities and Society. This paper:1) proposed an integrated framework that links land use regulations with energy system optimization;2) quantified the impact of LUR on distributed solar energy system performance;3) identified essential planning parameters that shape DSES performance outcomes.The methodology is demonstrated in the One-North district in Singapore. The marginal effect analysis revealed that DSES's performance was sensitive to allowable GFAs and relaxation for certain land use types, especially in mixed-use zones. Our findings underscore our efforts in urban form and urban performance, and continue to highlight the interconnection of urban performance and computational urban design towards sustainable urban planning.Read the paper: https://lnkd.in/gXuWRyrUAs a co-first author on this project with Jidong Kang, I'd like to thank our brilliant co-authors, Christoph Waibel, Pieter Herthogs, and Yuming Fu.  Grateful for the collaboration within the Future Cities Laboratory Global, Singapore-ETH Centre, and NUS Department of Architecture, NUS College of Design and Engineering. #Sustainability #Solarenergy #ComputationalUrbanDesign #SmartCities
              

        
          …ver más",1 mes,,
25,Jeroen van Lith,Founder at PlanFinder,No,https://www.linkedin.com/in/ACoAAAOfQnwBbH2k4k3bieZArNe1RmfTYBdo4Uc,https://www.linkedin.com/feed/update/urn:li:activity:7442159707559051264,"One thing I keep coming back to in floor plan generation:the hard part is not only generating plans, but deciding how to represent them in the first place.I’ve had clients for whom only a procedural representation was really viable. In one warehouse racking project, a code-based approach was necessary to handle the constraints properly; without it, you quickly end up with sub-optimal solutions.In other cases, grids work well because they fit vision-based models. Graphs can capture structure compactly. Polygons are often more natural when reasoning directly over rooms themselves.There are of course other possibilities too: sequence-based, constraint-based, hybrid, but these four come up a lot.There probably isn’t one best representation, only better fits for specific tasks.
              

        
          …ver más",1 mes,,
26,Javier Sáez Gallego,Passionate Data Scientist. Helping organizations transform numbers into optimal decisions. PhD.,No,https://www.linkedin.com/in/ACoAAATW9X8B8YV3TrDpLAc2OSC_0gnFcFLCbv8,https://www.linkedin.com/feed/update/urn:li:activity:7445747118868393984,"🗺️ Ever needed to quickly open a geospatial file (any format) and share it with someone who doesn’t use QGIS?That problem kept coming up for me, so I turned my personal “any-to-pmtiles-to-url” pipeline into geofiles.cloud -> upload a file, get an interactive map, share a link, and come back to it anytime. Hopefully, it saves someone else a few steps too!
              

        
          …ver más",2 semanas,,
27,Seghier Mohamed Abdelaziz,"Architect, 3D designer Auto-entrepreneur, Developer of Grasshopper addons: Fennec , Clipper2GH, Wizard, IFC Panel, and more food4rhino.com/en/app/fennec",No,https://www.linkedin.com/in/ACoAAAxTsGIBg8LeN71gh-UhRqt8jJltR4sUYQg,https://www.linkedin.com/feed/update/urn:li:activity:7445878510197444608,"Visibility Managerhttps://lnkd.in/dUXXPbeZ#grasshopper #foo4rhino #rhino3d
              

        
          …ver más",2 semanas,,
28,Ar. Haripriya Baskaran,Junior Urban Designer @ Seagull Studio | Nature Based Solutions,No,https://www.linkedin.com/in/ACoAADxkPQ0BlBuc9Nt0ti9kYWcCgzgts5sfYJw,https://www.linkedin.com/feed/update/urn:li:activity:7445816899558416384,"Exploring the future of geospatial workflows I’ve been experimenting with integrating AI (Claude) with QGIS to directly fetch and work with spatial layers from sources like OSM. Seeing data come alive this way feels like a big shift in how we approach geospatial analysis.For urban designers, this opens up exciting possibilities—faster access to contextual data, better-informed design decisions, and the ability to test ideas more dynamically at multiple scales. It can significantly improve how we understand cities, from mobility patterns to land-use relationships, making our interventions more responsive and data-driven.This is just the beginning, and I’m excited to dive deeper into automating workflows, improving analysis, and unlocking new possibilities in urban and transport planning.Looking forward to exploring more and sharing my learnings along the way! #QGIS #Geospatial #UrbanDesign #UrbanPlanning #GIS #OpenStreetMap #AIinGIS #SpatialAnalysis
              

        
          …ver más",2 semanas,,
29,Peter Johnson,"Founder at Geocode Earth. Geocoding Specialist, Open Source Software Developer, Open Data Advocate. Kiwi. Author & Maintainer of Pelias Geocoder.",No,https://www.linkedin.com/in/ACoAAAQ4S7sBk5FJ1rqg4RMVilmfwtDMtES-bYo,https://www.linkedin.com/feed/update/urn:li:activity:7445841450950373376,"We’re launching a new Geometry API. Hit me up for early access to the beta.The API provides polygon geometries of countries, cities, neighborhoods etc. at three different detail levels suitable for various applications from data analytics to mobile UI.Let me know what cool things you could build with this, happy to comp free and open-source projects.https://lnkd.in/dzd3PtJe
              

        
          …ver más",2 semanas,,
30,Alejandro Quinto Ferrández,Urban & social innovation through data-informed decision-making · Innovation & Strategy at Communityai · Urban technologist,No,https://www.linkedin.com/in/ACoAABbTEkQB3mb2zF3_oj5mgjGmdXwv4xcjuds,https://www.linkedin.com/feed/update/urn:li:activity:7445872058904756224,"Built a bespoke 15-Minute City dashboard for Alicante as a side research 👀 An interactive way to test how different parts of the city perform against 5, 10, and 15-minute accessibility logic (directly from the '15-minute City Model' white paper by Chaire ETI - IAE Paris Sorbonne School) Would you like to test it? #15MinuteCity #UrbanAnalytics #UrbanPlanning #Geospatial #DataVisualization #GIS #SmartCities #Mobility #Alicante
              

        
          …ver más",2 semanas,,
31,Giancarlo Ruffo,Prof. at Università del Piemonte Orientale,No,https://www.linkedin.com/in/ACoAAABg6f8BVmpnF7zienXLOkm79NJkmWsUokk,https://www.linkedin.com/feed/update/urn:li:activity:7445752732902154240,"🏙️ Is the ""15-Minute City"" truly inclusive, or are we masking urban segregation?I am honored to share our latest research published in PLOS ONE: ""Understanding the interplay between urban segregation and accessibility to services with network analysis"".While the ""15-minute city"" model, and chrono-urbanism in general, is designed to improve urban livability and sustainability by placing essential services within a short walk or ride from home, our study asks if this hyper-proximity model might inadvertently reinforce spatial segregation. Our Network-Based Approach: We developed a multi-dimensional framework to analyze 81 cities worldwide, quantifying accessibility through Points of Interest (PoIs) and connectivity using closeness centrality. This analysis was conducted at multiple scales, from individual residential addresses (street intersections) to neighborhood clusters detected by the Infomap algorithm. The Accessibility vs. Connectivity Paradox: Our findings show that high accessibility does not always mean high connectivity to the rest of the city.Paris: A leader in accessibility with 99.7% of residents living within 15 minutes of services, yet it ranks 71st for connectivity, indicating potential ""bubbles"" of local access that are disconnected from the broader urban network.Rio de Janeiro: Conversely, this city shows high connectivity while ranking significantly lower in local service accessibility.Fine-Grained Insights & Spatial Justice: By analyzing districts, census areas, and street intersections, we identified that these patterns are highly heterogeneous.The Double Burden: Many lower-income neighborhoods suffer from both low accessibility and weak connectivity, a finding particularly evident in our case study of Italian cities.Voluntary Isolation: In wealthy districts of cities like Naples, Bologna, and Turin, we observed high-income residents living in areas with low accessibility and connectivity, suggesting patterns of ""voluntary isolation"" and a continued reliance on private transport.Our research highlights that hyper-proximity alone does not guarantee inclusiveness and may mask underlying socio-economic inequalities. For planners, our framework provides some pointers for corrective actions to ensure spatial justice for all residents. 🙏 Huge thanks to the rest of the team: Mirko Lai, Anna Sapienza, Salvatore Vilella, Massimo Canonico, and Federica Cena. Kudos to filippo barbera, the first person that introduced me to the ""15 minute city"" idea some years ago. 📖 Read the full open-access paper: https://lnkd.in/dcCHHKVa 💻 Explore our data & code: https://lnkd.in/dDaxPyWU#UrbanPlanning #15MinuteCity #SpatialJustice #DataScience #NetworkAnalysis #NetworkScience #Sustainability #UrbanSegregation #PLOSONE #SmartCities #UrbanAnalytics
              

        
          …ver más",2 semanas,,
32,Google Maps Platform,24 mil seguidores,No,https://www.linkedin.com/company/googlemapsplatform/,https://www.linkedin.com/feed/update/urn:li:activity:7445492745491603456,"🔐 We're giving you the key to unlock geospatial development faster!  Whether you’re testing a new product or just learning the platform, you can validate technical feasibility quickly, saving you days of approval time. Try the new Maps Demo Key now with popular products including Dynamic Maps, Photorealistic 3D Maps, Places UI Kit and Weather ➡️ https://goo.gle/4bXxQzG 🗺️ Dynamic Maps: Customize and style interactive maps using Cloud-based maps styling for real time updates across all devices and platforms.🌏 Photorealistic 3D Maps: Build richer 3D maps, powered by Google's trusted mapping infrastructure, integrated place information, and powerful visualization tools.🏢 Places UI Kit: Bring the familiar Google Maps UI for Places to your front-end applications with just a few lines of code.🌤️ Weather: Use advanced, trusted weather forecasts to help people plan and prepare.Get your Maps Demo Key at the link above.
              

        
          …ver más",2 semanas,,
33,Leyla Saadi,Founder at Urban Col.labs - Placemaking powered by data,No,https://www.linkedin.com/in/ACoAAAiJRs0BrEUIFPsDqKa_bOYSuccN_bQCdsQ,https://www.linkedin.com/feed/update/urn:li:activity:7445007153125531648,"I am very happy to share Urban Col.labs first paper in a three-part publication: Beyond Mapping - Location Intelligence & Site OptimisationIn this paper, we analyse the locations shortlisted by the UK New Towns Taskforce, commissioned by the Ministry of Housing, Communities and Local Government.Download the full paper here: https://lnkd.in/dw_4kQXR Taking a people-first lens; affordability, deprivation (IoD25) and social housing need, to highlight where pressure concentrates and what “early-phase” moves can turn need into opportunity. Showcasing how early stage, in depth spatial data analysis can contribute to more robust decision making and place optimization.This approach reflects how we apply design-led, data-informed thinking to support more effective site strategies across diverse contexts.Key takeaways from our research:-Several areas with high demand for affordable and social housing remain over an hour from the proposed locations, highlighting opportunities for additional development and improved transport connectivity to bridge this gap.-The proposed locations reflect two distinct starting conditions—some in low-deprivation areas and others in high-deprivation contexts—implying different risk profiles and early priorities across sites.-A new town succeeds when it makes everyday life easier, safer, and more accessible for everyone.The publication forms part of a wider research in collaboration with Okana and Ryder Architecture: A diverse approach to the UK housing challenge. Two further parts of this series will follow, focusing on Place and Performance.#UrbanPlanning #HousingCrisis #NewTowns #SpatialData #GIS #CityPlanning #UrbanDevelopment #PlaceMaking #BuiltEnvironment #DataDriven #HousingPolicy #UKHousing #SustainableCities #UrbanStrategy #LocationIntelligence #UrbanCollabs
              

        
          …ver más",3 semanas,,
34,Luis Antonio Andaluz Burgos,Design Technology | Computational Design | Workflow Products | Construction Tech,No,https://www.linkedin.com/in/ACoAACfvMKABuadFkafkEOH1iLF6Bgti1r4XKHs,https://www.linkedin.com/feed/update/urn:li:activity:7444857552426749952,"Lately I’ve been exploring something that sits slightly outside the usual use of Grasshopper.Not geometry.Not architecture.But data from completely different domains.I came across components that allow working with atomic and molecular structures, and it raised a simple question:Why is there chemistry inside a design tool?After looking into it, the answer seems more interesting than expected.Grasshopper was never only about geometry.It is essentially a data processing environment where geometry happens to be one of the outputs.In these experiments, molecular datasets such as DNA fragments or proteins (like 1BNA, 1CRN or hemoglobin structures) are translated into point networks, relationships and visual states.What is striking is not the result itself, but the similarity in logic:• Elements become objects• Attributes become data• Bonds become relationships• Structures become systemsThe same way we handle architectural models. At some point, the boundary between disciplines starts to disappear.Grasshopper becomes less of a modeling tool and more of a platform to structure and visualize complex datasets.Which raises a broader question:How many other fields are already using these tools beyond geometry?And more importantly:Are we underestimating what these environments are actually capable of?#ComputationalDesign #DesignTechnology #DataDrivenDesign #DataVisualization 
              

        
          …ver más",3 semanas,,
35,André Lindenberg,"Agents, Graphs, Ontologies",No,https://www.linkedin.com/in/ACoAABpLDuABLmUpSFZrGfEsqx1VaxQDgNOqQL8,https://www.linkedin.com/feed/update/urn:li:activity:7445353964369395712,"asciimap chains two rendering engines in the browser: MapLibre GL JS handles vector tiles and projection, then Pretext library converts the output to ASCII characters in IBM Plex Mono. Live aircraft positions stream from OpenSky's API via browser fetch, no backend. The whole thing ships as a SvelteKit static site. Swap the data source and you have typographic cartography for anything vector tiles can describe. AGPL-3.0.#asciimap #MapLibre #geospatial #SvelteKit #dataVisualization
              

        
          …ver más",2 semanas,,
36,trescientosmil,3 mil seguidores,No,https://www.linkedin.com/company/trescientosmil/,https://www.linkedin.com/feed/update/urn:li:activity:7445019033151700992,"𝗖𝗲𝗻𝘁𝗿𝗮𝗹𝗶𝘁𝘆 𝗮𝗻𝗮𝗹𝘆𝘀𝗶𝘀 𝗳𝗼𝗿 𝗮𝗹𝗹 𝗼𝗳 𝗦𝗽𝗮𝗶𝗻 𝗳𝗼𝗿 𝗯𝗼𝘁𝗵 𝘁𝗵𝗲 𝗿𝗼𝗮𝗱 𝗻𝗲𝘁𝘄𝗼𝗿𝗸 𝗴𝗿𝗮𝗽𝗵 𝗮𝗻𝗱 𝘁𝗵𝗲 𝗽𝘂𝗯𝗹𝗶𝗰 𝘁𝗿𝗮𝗻𝘀𝗽𝗼𝗿𝘁 𝗴𝗿𝗮𝗽𝗵.We have scaled up our centrality calculations, and they are now available on a continuous map covering the entire country, calculated at different distances and for both a road network graph and a public transport graph. Centrality calculations (similar to space syntax) are useful for any urban and territorial analysis, whether to understand how the hierarchy of streets creates centralities within neighborhoods or how large-scale road structures organize the territory.We used QWV to publish the viewer, which can be accessed here:https://lab.300000.eu/scp/The data can be downloaded here:https://lnkd.in/ePiUWD3h
              

        
          …ver más",3 semanas,,
37,Jasper van Vliet,Associate Professor Land use and Urban development,No,https://www.linkedin.com/in/ACoAAEbIQ3sBfeuHfTWD77d76xufZeF1yKjz3xc,https://www.linkedin.com/feed/update/urn:li:activity:7444282459321552897,"Can we map slums with high spatial detail using only publicly available data?Earlier studies have shown that we can accurately map slums using very-high resolution satellite imagery. Yet, this approach is not scalable due to the high costs for imagery, limiting their application at scale. Additionally, the computational resources required for this approach are significant, further constraining their scalability.In our new paper, we use morphological characteristics derived from publicly available building-footprint datasets to classify slum and non-slum areas at a building level. The use of building footprints allows to derive relevant metrics, such as size, distance to neighbors, and irregularity directly, so there is no need for a deep-learning approach to derive such spatial patterns indirectly from satellite imagery.The model reaches an F1 score of 0.987 in a K-means cross-validation. More importantly, our approach achieves an F1-score of 0.742 on cities that are completely unseen in the training process, indicating its transferability across cities.The analyses (we tested a lot of different models) was done by Hang Yang, and we had great help on interpreting the Kenyan context from Eunice Jimmy Ph.D! Additional thanks to Monika Kuffer, Peter Verburg, and Alex Levering for their valuable contributions!The image shows the share of buildings identified as a slum at a 100-meter resolution for four cities in Kenya.Link to the paper: https://lnkd.in/eeN4-Vck
              

        
          …ver más",3 semanas,,
38,Federico Negro,"Design, Technology, Planet",No,https://www.linkedin.com/in/ACoAAAFNcBQBWQ_zD03GchcUG379ZlDTAIKySc0,https://www.linkedin.com/feed/update/urn:li:activity:7444738249421430784,"We just open-sourced 36 AI skills for architects. Here's how it works.I see Anthropic 's Claude Code as very similar to Grasshopper. It opens the door for deep experts to package knowledge and logic in ways that are highly shareable and reusable across their firms. Grasshopper did it for computational design. ""Skills"" for Claude Code do this for workflow automation like zoning rules, spec conventions, product research, site analysis all encoded as small skills that anyone in your studio can install and use. We've been testing this idea for the past few months with my friend Mick McConnell. Then I tested it with rebuilding some of Canoa 's features for a friend. Then again with other friends at a small firm that just needed the help. We started building skills one at a time. A skill for zoning analysis. One for EPD parsing. One for product research. Eventually we started tying them together with agents that orchestrate these skills and rules that govern the output. Before we knew it we had a pretty expansive set of tasks and wanted to see how far we could take it. How many tasks can be automated this way? The short answer is, a lot.Today we're open-sourcing the result.The open source Architecture Studio project is a plugin for Claude Code that runs in your terminal. It gives Claude architecture-specific rules, packages common tasks into skills, and routes requests through specialist agents.Type /studio and describe what you need. The router figures out the rest.A few of the agents:- Site Planner - give it an address, it researches climate, flood zones, seismic risk, transit, demographics, and neighborhood history, then synthesizes a site brief. For a recent project, work that usually takes a day of pulling from NOAA, FEMA, USGS, and Census came back in a few minutes.- Product & Materials Researcher - give it a brief or a rep's PDF, it extracts specs, tags products by category and material, finds alternatives, and writes everything to a shared Google Sheet.- Sustainability Specialist - give it your materials, it finds EPDs from EC3, compares embodied carbon side by side, and checks LEED eligibility.Every output follows a transparency rule: every number links to its public source. Every calculation shows the inputs and the formula. If we reference a building code, you get a link to the government-published version. Our view is that if you can't see the math, the tool is hiding something.It's all MIT licensed and actively growing - very New York-centric on zoning and due diligence right now, but the architecture works for any jurisdiction.Try it if you feel like it. Fork it if you want to make it yours. The contributing guide is in the repo. The link to the repo is in the comments below.#architecture #opensource #AEC #claudecode #workplacedesign #sustainabledesign #interiordesign
              

        
          …ver más",3 semanas,,
39,Marijn Luijmes,Architect | Computational Design Expert | Full Stack Developer,No,https://www.linkedin.com/in/ACoAAApX3kYBEr8-siSasHIFHKOrOkm4qt1qC1g,https://www.linkedin.com/feed/update/urn:li:activity:7444634512153608192,"🪶 Turn Rhino into a lightweight BIM system.Most Rhino / Grasshopper workflows lose all data the moment geometry is baked. This one doesn’t.In this demo, I’m taking a data-rich model and baking it into Rhino blocks using the Elefront plugin for Grasshopper.Not just geometry.Full key–value data included.Which means you can:• Keep designing in Rhino• While still working with structured data• And query everything using Elefront filtersFilter by layer.Filter by property.Extract schedules.Drive decisions.All after baking.Important note:In this example I’m starting from a Speckle model.But you don’t necessarily have to (they work nicely together though 🙂).You could just as well define Elefront blocks + properties directly inside Grasshopper. Same principle.Elefront is often used to bake geometry and manage blocks.But if you treat those blocks as data containers, it becomes something much more powerful.We often treat parametric design and BIM as two separate worlds:Parametric → flexible, fast, but “dumb” geometryBIM → structured, but heavy and rigid.But workflows like this start to blur that line.You get something closer to a lightweight BIM system inside Rhino:Geometry + dataFlexible + structuredI feel like most teams are still treating Rhino models as disposable geometry.Which is a missed opportunity.Curious how others are handling this 👇How do you deal with data once geometry is baked?• Keep it alive in Rhino?• Move to BIM tools?• Or rebuild it later?Shoutout to Ramon van der Heijden for creating this plugin!
              

        
          …ver más",3 semanas,,
40,Javier Morales Puerta,CTO en la Oficina del Nuevo Plan General de Ordenación Urbana,No,https://www.linkedin.com/in/ACoAAACp-4cBHTO1aVWnG00nepvtH8ePdrN0Ixs,https://www.linkedin.com/feed/update/urn:li:activity:7443000459100983296,"🚀 Simulador Estratégico de Ciudad – Fase I: Visor Diagnóstico -> ✅Si hace un par de meses se alcanzaba el primer hito del PEM, publicando el DIE y el BASE (https://lnkd.in/eEkWpCtG), hoy hemos dado un paso clave en la transformación urbana de Madrid con la presentación de la Fase I del Simulador Estratégico de Ciudad - el Visor Diagnóstico, una herramienta desarrollada en solo 6 meses que permite conocer el estado de la ciudad.Esta primera versión sienta las bases del Plan Estratégico Municipal, el primer plan nativo digital de la ciudad, con la integración de más de 190 indicadores, 134 conjuntos de datos procedentes de 37 fuentes oficiales, que ofrece una visión conjunta y multiescalar del territorio: desde el municipio hasta la parcela.📊 Tecnología al servicio del interés general, mejorando la toma de decisiones públicas y la detección de desequilibrios urbanos.Nada de esto habría sido posible sin el trabajo conjunto dentro del Ayuntamiento de Madrid —Iam Informática del Ayuntamiento de Madrid Juan Corro y la Oficina Digital del Ayuntamiento de Madrid  Fernando de Pablo Martín — y la colaboración público-privada que tenemos en marcha!¡Gracias de verdad a todos los que estáis haciendo posible este cambio de paradigma! Borja Carabante, Myriam Peón González . Cristina Goncer, José María Sánchez Laforet Oscar Bermúdez Antonio Villena Martín Antonio Moreno Palacios  SICE Francisco Gallo Sánchez David Tardon Juan Ramón Selva Royo  Arup Sergio Contreras Martín Oriol Serra Juncosa Cristina San Juan Guaita Flavio Tejada Gorraiz Tatiana García Rivas Esto no ha hecho más que empezar. Go! Go! Go! 🚀 https://lnkd.in/eF78QpWwhttps://lnkd.in/eXFN3reW
              

        
          …ver más",3 semanas,,