source_id,target_id,relationship,weight,label,bidirectional
tool_0,person_75,CREATED_BY,3,created by,0
tool_1,person_57,CREATED_BY,3,created by,0
tool_2,person_132,CREATED_BY,3,created by,0
tool_3,person_68,CREATED_BY,3,created by,0
tool_4,person_13,CREATED_BY,3,created by,0
tool_5,person_76,CREATED_BY,3,created by,0
tool_6,person_76,CREATED_BY,3,created by,0
tool_7,company_11,CREATED_BY,3,created by,0
tool_8,person_99,CREATED_BY,3,created by,0
tool_9,person_78,CREATED_BY,3,created by,0
tool_10,person_78,CREATED_BY,3,created by,0
tool_11,person_80,CREATED_BY,3,created by,0
tool_12,person_11,CREATED_BY,3,created by,0
tool_13,person_16,CREATED_BY,3,created by,0
tool_14,person_33,CREATED_BY,3,created by,0
tool_15,company_23,CREATED_BY,3,created by,0
tool_16,company_152,CREATED_BY,3,created by,0
tool_17,person_121,CREATED_BY,3,created by,0
tool_18,person_126,CREATED_BY,3,created by,0
tool_19,company_10,CREATED_BY,3,created by,0
tool_20,person_15,CREATED_BY,3,created by,0
tool_21,person_3,CREATED_BY,3,created by,0
tool_22,person_3,CREATED_BY,3,created by,0
tool_23,person_78,CREATED_BY,3,created by,0
tool_24,person_93,CREATED_BY,3,created by,0
tool_25,person_107,CREATED_BY,3,created by,0
tool_26,person_40,CREATED_BY,3,created by,0
tool_27,person_127,CREATED_BY,3,created by,0
tool_28,person_125,CREATED_BY,3,created by,0
tool_29,person_18,CREATED_BY,3,created by,0
tool_30,person_1,CREATED_BY,3,created by,0
tool_31,person_82,CREATED_BY,3,created by,0
tool_32,person_0,CREATED_BY,3,created by,0
tool_33,person_0,CREATED_BY,3,created by,0
tool_34,person_37,CREATED_BY,3,created by,0
tool_35,person_54,CREATED_BY,3,created by,0
tool_36,person_30,CREATED_BY,3,created by,0
tool_37,person_61,CREATED_BY,3,created by,0
tool_38,person_53,CREATED_BY,3,created by,0
tool_39,person_67,CREATED_BY,3,created by,0
tool_40,person_26,CREATED_BY,3,created by,0
tool_41,person_110,CREATED_BY,3,created by,0
tool_42,person_108,CREATED_BY,3,created by,0
tool_43,person_0,CREATED_BY,3,created by,0
tool_44,company_231,CREATED_BY,3,created by,0
tool_45,person_67,CREATED_BY,3,created by,0
tool_46,person_109,CREATED_BY,3,created by,0
tool_47,person_116,CREATED_BY,3,created by,0
tool_48,person_65,CREATED_BY,3,created by,0
tool_49,person_10,CREATED_BY,3,created by,0
tool_50,person_105,CREATED_BY,3,created by,0
tool_51,person_41,CREATED_BY,3,created by,0
tool_52,person_20,CREATED_BY,3,created by,0
tool_53,person_84,CREATED_BY,3,created by,0
tool_54,person_130,CREATED_BY,3,created by,0
tool_55,person_83,CREATED_BY,3,created by,0
tool_56,company_231,CREATED_BY,3,created by,0
tool_57,person_74,CREATED_BY,3,created by,0
tool_58,person_74,CREATED_BY,3,created by,0
tool_59,person_16,CREATED_BY,3,created by,0
tool_60,person_118,CREATED_BY,3,created by,0
tool_61,person_79,CREATED_BY,3,created by,0
tool_62,person_44,CREATED_BY,3,created by,0
tool_63,person_111,CREATED_BY,3,created by,0
tool_64,person_12,CREATED_BY,3,created by,0
tool_65,person_85,CREATED_BY,3,created by,0
tool_66,person_122,CREATED_BY,3,created by,0
tool_67,person_115,CREATED_BY,3,created by,0
tool_68,person_123,CREATED_BY,3,created by,0
tool_69,person_14,CREATED_BY,3,created by,0
tool_70,person_128,CREATED_BY,3,created by,0
tool_71,person_104,CREATED_BY,3,created by,0
tool_72,person_92,CREATED_BY,3,created by,0
tool_73,person_119,CREATED_BY,3,created by,0
tool_74,person_8,CREATED_BY,3,created by,0
tool_75,person_120,CREATED_BY,3,created by,0
tool_76,person_31,CREATED_BY,3,created by,0
tool_77,person_103,CREATED_BY,3,created by,0
tool_78,person_24,CREATED_BY,3,created by,0
tool_79,person_9,CREATED_BY,3,created by,0
tool_80,person_97,CREATED_BY,3,created by,0
tool_81,person_72,CREATED_BY,3,created by,0
tool_82,person_86,CREATED_BY,3,created by,0
tool_83,person_7,CREATED_BY,3,created by,0
tool_84,person_98,CREATED_BY,3,created by,0
tool_85,person_98,CREATED_BY,3,created by,0
tool_86,person_48,CREATED_BY,3,created by,0
tool_87,person_23,CREATED_BY,3,created by,0
tool_88,person_113,CREATED_BY,3,created by,0
tool_89,person_25,CREATED_BY,3,created by,0
tool_90,person_81,CREATED_BY,3,created by,0
tool_91,person_124,CREATED_BY,3,created by,0
tool_92,person_29,CREATED_BY,3,created by,0
tool_93,person_49,CREATED_BY,3,created by,0
tool_94,person_88,CREATED_BY,3,created by,0
tool_95,person_0,CREATED_BY,3,created by,0
tool_96,person_22,CREATED_BY,3,created by,0
tool_97,person_90,CREATED_BY,3,created by,0
tool_98,person_45,CREATED_BY,3,created by,0
tool_99,person_19,CREATED_BY,3,created by,0
tool_100,person_112,CREATED_BY,3,created by,0
tool_101,person_47,CREATED_BY,3,created by,0
tool_102,person_50,CREATED_BY,3,created by,0
tool_103,person_117,CREATED_BY,3,created by,0
tool_104,person_59,CREATED_BY,3,created by,0
tool_105,person_106,CREATED_BY,3,created by,0
tool_106,person_95,CREATED_BY,3,created by,0
tool_107,person_3,CREATED_BY,3,created by,0
tool_108,person_5,CREATED_BY,3,created by,0
tool_109,company_240,CREATED_BY,3,created by,0
tool_110,person_34,CREATED_BY,3,created by,0
tool_111,person_58,CREATED_BY,3,created by,0
tool_7,company_11,DEVELOPED_BY,4,developed by,1
tool_12,company_192,DEVELOPED_BY,4,developed by,1
tool_30,company_3,DEVELOPED_BY,4,developed by,1
tool_109,company_240,DEVELOPED_BY,4,developed by,0
company_3,tool_30,DEVELOPS,4,develops,1
company_3,tool_58,DEVELOPS,4,develops,0
company_3,tool_57,DEVELOPS,4,develops,0
company_10,tool_19,DEVELOPS,4,develops,0
company_11,tool_7,DEVELOPS,4,develops,1
company_11,tool_23,DEVELOPS,4,develops,0
company_23,tool_15,DEVELOPS,4,develops,0
company_23,tool_10,DEVELOPS,4,develops,0
company_45,tool_37,DEVELOPS,4,develops,0
company_152,tool_16,DEVELOPS,4,develops,0
company_152,tool_1,DEVELOPS,4,develops,0
company_169,tool_55,DEVELOPS,4,develops,0
company_169,tool_9,DEVELOPS,4,develops,0
company_192,tool_12,DEVELOPS,4,develops,1
company_192,tool_29,DEVELOPS,4,develops,0
company_209,tool_55,DEVELOPS,4,develops,0
company_209,tool_9,DEVELOPS,4,develops,0
company_238,tool_41,DEVELOPS,4,develops,0
company_238,tool_42,DEVELOPS,4,develops,0
company_257,tool_54,DEVELOPS,4,develops,0
tool_0,program_35,RUNS_ON,2,runs on,0
tool_0,program_66,RUNS_ON,2,runs on,0
tool_1,program_14,RUNS_ON,2,runs on,0
tool_1,program_74,RUNS_ON,2,runs on,0
tool_1,program_61,RUNS_ON,2,runs on,0
tool_2,program_66,RUNS_ON,2,runs on,0
tool_2,program_55,RUNS_ON,2,runs on,0
tool_2,program_65,RUNS_ON,2,runs on,0
tool_3,program_66,RUNS_ON,2,runs on,0
tool_3,program_25,RUNS_ON,2,runs on,0
tool_3,program_12,RUNS_ON,2,runs on,0
tool_3,program_72,RUNS_ON,2,runs on,0
tool_4,program_91,RUNS_ON,2,runs on,0
tool_5,program_66,RUNS_ON,2,runs on,0
tool_5,program_58,RUNS_ON,2,runs on,0
tool_6,program_91,RUNS_ON,2,runs on,0
tool_7,program_6,RUNS_ON,2,runs on,0
tool_7,program_79,RUNS_ON,2,runs on,0
tool_7,program_66,RUNS_ON,2,runs on,0
tool_8,program_24,RUNS_ON,2,runs on,0
tool_8,program_74,RUNS_ON,2,runs on,0
tool_8,program_66,RUNS_ON,2,runs on,0
tool_9,program_91,RUNS_ON,2,runs on,0
tool_10,program_67,RUNS_ON,2,runs on,0
tool_10,program_37,RUNS_ON,2,runs on,0
tool_11,program_91,RUNS_ON,2,runs on,0
tool_12,program_80,RUNS_ON,2,runs on,0
tool_13,program_3,RUNS_ON,2,runs on,0
tool_13,program_91,RUNS_ON,2,runs on,0
tool_14,program_91,RUNS_ON,2,runs on,0
tool_15,program_34,RUNS_ON,2,runs on,0
tool_15,program_38,RUNS_ON,2,runs on,0
tool_16,program_14,RUNS_ON,2,runs on,0
tool_16,program_39,RUNS_ON,2,runs on,0
tool_17,program_91,RUNS_ON,2,runs on,0
tool_18,program_91,RUNS_ON,2,runs on,0
tool_19,program_15,RUNS_ON,2,runs on,0
tool_19,program_91,RUNS_ON,2,runs on,0
tool_20,program_91,RUNS_ON,2,runs on,0
tool_20,program_92,RUNS_ON,2,runs on,0
tool_21,program_91,RUNS_ON,2,runs on,0
tool_21,program_58,RUNS_ON,2,runs on,0
tool_21,program_92,RUNS_ON,2,runs on,0
tool_22,program_59,RUNS_ON,2,runs on,0
tool_22,program_91,RUNS_ON,2,runs on,0
tool_23,program_66,RUNS_ON,2,runs on,0
tool_23,program_5,RUNS_ON,2,runs on,0
tool_23,program_48,RUNS_ON,2,runs on,0
tool_23,program_76,RUNS_ON,2,runs on,0
tool_23,program_31,RUNS_ON,2,runs on,0
tool_24,program_69,RUNS_ON,2,runs on,0
tool_24,program_30,RUNS_ON,2,runs on,0
tool_25,program_66,RUNS_ON,2,runs on,0
tool_25,program_77,RUNS_ON,2,runs on,0
tool_25,program_15,RUNS_ON,2,runs on,0
tool_25,program_95,RUNS_ON,2,runs on,0
tool_26,program_67,RUNS_ON,2,runs on,0
tool_26,program_1,RUNS_ON,2,runs on,0
tool_27,program_66,RUNS_ON,2,runs on,0
tool_27,program_83,RUNS_ON,2,runs on,0
tool_28,program_87,RUNS_ON,2,runs on,0
tool_28,program_94,RUNS_ON,2,runs on,0
tool_28,program_66,RUNS_ON,2,runs on,0
tool_28,program_91,RUNS_ON,2,runs on,0
tool_29,program_41,RUNS_ON,2,runs on,0
tool_29,program_72,RUNS_ON,2,runs on,0
tool_30,program_72,RUNS_ON,2,runs on,0
tool_30,program_41,RUNS_ON,2,runs on,0
tool_30,program_70,RUNS_ON,2,runs on,0
tool_30,program_63,RUNS_ON,2,runs on,0
tool_30,program_8,RUNS_ON,2,runs on,0
tool_31,program_7,RUNS_ON,2,runs on,0
tool_31,program_72,RUNS_ON,2,runs on,0
tool_31,program_52,RUNS_ON,2,runs on,0
tool_32,program_18,RUNS_ON,2,runs on,0
tool_33,program_18,RUNS_ON,2,runs on,0
tool_34,program_41,RUNS_ON,2,runs on,0
tool_34,program_72,RUNS_ON,2,runs on,0
tool_34,program_13,RUNS_ON,2,runs on,0
tool_35,program_41,RUNS_ON,2,runs on,0
tool_35,program_54,RUNS_ON,2,runs on,0
tool_36,program_41,RUNS_ON,2,runs on,0
tool_36,program_72,RUNS_ON,2,runs on,0
tool_37,program_27,RUNS_ON,2,runs on,0
tool_38,program_72,RUNS_ON,2,runs on,0
tool_38,program_88,RUNS_ON,2,runs on,0
tool_38,program_15,RUNS_ON,2,runs on,0
tool_39,program_36,RUNS_ON,2,runs on,0
tool_39,program_52,RUNS_ON,2,runs on,0
tool_39,program_20,RUNS_ON,2,runs on,0
tool_39,program_89,RUNS_ON,2,runs on,0
tool_40,program_46,RUNS_ON,2,runs on,0
tool_40,program_66,RUNS_ON,2,runs on,0
tool_41,program_46,RUNS_ON,2,runs on,0
tool_42,program_43,RUNS_ON,2,runs on,0
tool_42,program_23,RUNS_ON,2,runs on,0
tool_43,program_18,RUNS_ON,2,runs on,0
tool_44,program_52,RUNS_ON,2,runs on,0
tool_45,program_72,RUNS_ON,2,runs on,0
tool_45,program_41,RUNS_ON,2,runs on,0
tool_45,program_20,RUNS_ON,2,runs on,0
tool_45,program_53,RUNS_ON,2,runs on,0
tool_46,program_41,RUNS_ON,2,runs on,0
tool_46,program_72,RUNS_ON,2,runs on,0
tool_47,program_41,RUNS_ON,2,runs on,0
tool_47,program_72,RUNS_ON,2,runs on,0
tool_48,program_57,RUNS_ON,2,runs on,0
tool_48,program_91,RUNS_ON,2,runs on,0
tool_49,program_91,RUNS_ON,2,runs on,0
tool_51,program_17,RUNS_ON,2,runs on,0
tool_52,program_91,RUNS_ON,2,runs on,0
tool_53,program_91,RUNS_ON,2,runs on,0
tool_55,program_7,RUNS_ON,2,runs on,0
tool_55,program_66,RUNS_ON,2,runs on,0
tool_57,program_41,RUNS_ON,2,runs on,0
tool_57,program_72,RUNS_ON,2,runs on,0
tool_57,program_54,RUNS_ON,2,runs on,0
tool_57,program_51,RUNS_ON,2,runs on,0
tool_57,program_81,RUNS_ON,2,runs on,0
tool_57,program_33,RUNS_ON,2,runs on,0
tool_57,program_17,RUNS_ON,2,runs on,0
tool_58,program_41,RUNS_ON,2,runs on,0
tool_58,program_72,RUNS_ON,2,runs on,0
tool_58,program_84,RUNS_ON,2,runs on,0
tool_58,program_81,RUNS_ON,2,runs on,0
tool_59,program_10,RUNS_ON,2,runs on,0
tool_59,program_3,RUNS_ON,2,runs on,0
tool_60,program_41,RUNS_ON,2,runs on,0
tool_60,program_72,RUNS_ON,2,runs on,0
tool_60,program_66,RUNS_ON,2,runs on,0
tool_61,program_88,RUNS_ON,2,runs on,0
tool_61,program_72,RUNS_ON,2,runs on,0
tool_61,program_41,RUNS_ON,2,runs on,0
tool_62,program_91,RUNS_ON,2,runs on,0
tool_62,program_29,RUNS_ON,2,runs on,0
tool_63,program_91,RUNS_ON,2,runs on,0
tool_63,program_70,RUNS_ON,2,runs on,0
tool_64,program_91,RUNS_ON,2,runs on,0
tool_64,program_73,RUNS_ON,2,runs on,0
tool_65,program_66,RUNS_ON,2,runs on,0
tool_66,program_67,RUNS_ON,2,runs on,0
tool_66,program_66,RUNS_ON,2,runs on,0
tool_67,program_67,RUNS_ON,2,runs on,0
tool_67,program_66,RUNS_ON,2,runs on,0
tool_67,program_55,RUNS_ON,2,runs on,0
tool_68,program_91,RUNS_ON,2,runs on,0
tool_69,program_91,RUNS_ON,2,runs on,0
tool_69,program_22,RUNS_ON,2,runs on,0
tool_70,program_91,RUNS_ON,2,runs on,0
tool_71,program_66,RUNS_ON,2,runs on,0
tool_71,program_47,RUNS_ON,2,runs on,0
tool_71,program_58,RUNS_ON,2,runs on,0
tool_71,program_83,RUNS_ON,2,runs on,0
tool_72,program_91,RUNS_ON,2,runs on,0
tool_73,program_66,RUNS_ON,2,runs on,0
tool_74,program_91,RUNS_ON,2,runs on,0
tool_74,program_10,RUNS_ON,2,runs on,0
tool_75,program_62,RUNS_ON,2,runs on,0
tool_75,program_16,RUNS_ON,2,runs on,0
tool_75,program_15,RUNS_ON,2,runs on,0
tool_76,program_25,RUNS_ON,2,runs on,0
tool_77,program_72,RUNS_ON,2,runs on,0
tool_77,program_41,RUNS_ON,2,runs on,0
tool_78,program_91,RUNS_ON,2,runs on,0
tool_79,program_91,RUNS_ON,2,runs on,0
tool_80,program_9,RUNS_ON,2,runs on,0
tool_80,program_70,RUNS_ON,2,runs on,0
tool_81,program_67,RUNS_ON,2,runs on,0
tool_81,program_66,RUNS_ON,2,runs on,0
tool_82,program_44,RUNS_ON,2,runs on,0
tool_82,program_66,RUNS_ON,2,runs on,0
tool_83,program_4,RUNS_ON,2,runs on,0
tool_83,program_44,RUNS_ON,2,runs on,0
tool_84,program_66,RUNS_ON,2,runs on,0
tool_84,program_32,RUNS_ON,2,runs on,0
tool_85,program_66,RUNS_ON,2,runs on,0
tool_85,program_32,RUNS_ON,2,runs on,0
tool_86,program_67,RUNS_ON,2,runs on,0
tool_86,program_66,RUNS_ON,2,runs on,0
tool_86,program_56,RUNS_ON,2,runs on,0
tool_87,program_26,RUNS_ON,2,runs on,0
tool_87,program_50,RUNS_ON,2,runs on,0
tool_88,program_66,RUNS_ON,2,runs on,0
tool_88,program_64,RUNS_ON,2,runs on,0
tool_88,program_83,RUNS_ON,2,runs on,0
tool_89,program_93,RUNS_ON,2,runs on,0
tool_89,program_78,RUNS_ON,2,runs on,0
tool_89,program_71,RUNS_ON,2,runs on,0
tool_89,program_70,RUNS_ON,2,runs on,0
tool_89,program_0,RUNS_ON,2,runs on,0
tool_90,program_67,RUNS_ON,2,runs on,0
tool_90,program_42,RUNS_ON,2,runs on,0
tool_90,program_74,RUNS_ON,2,runs on,0
tool_91,program_66,RUNS_ON,2,runs on,0
tool_91,program_90,RUNS_ON,2,runs on,0
tool_92,program_17,RUNS_ON,2,runs on,0
tool_92,program_18,RUNS_ON,2,runs on,0
tool_92,program_66,RUNS_ON,2,runs on,0
tool_93,program_40,RUNS_ON,2,runs on,0
tool_93,program_11,RUNS_ON,2,runs on,0
tool_94,program_66,RUNS_ON,2,runs on,0
tool_94,program_75,RUNS_ON,2,runs on,0
tool_94,program_2,RUNS_ON,2,runs on,0
tool_95,program_18,RUNS_ON,2,runs on,0
tool_95,program_66,RUNS_ON,2,runs on,0
tool_96,program_58,RUNS_ON,2,runs on,0
tool_96,program_49,RUNS_ON,2,runs on,0
tool_96,program_19,RUNS_ON,2,runs on,0
tool_97,program_41,RUNS_ON,2,runs on,0
tool_97,program_72,RUNS_ON,2,runs on,0
tool_97,program_86,RUNS_ON,2,runs on,0
tool_98,program_72,RUNS_ON,2,runs on,0
tool_99,program_90,RUNS_ON,2,runs on,0
tool_100,program_20,RUNS_ON,2,runs on,0
tool_100,program_82,RUNS_ON,2,runs on,0
tool_100,program_7,RUNS_ON,2,runs on,0
tool_100,program_21,RUNS_ON,2,runs on,0
tool_101,program_66,RUNS_ON,2,runs on,0
tool_102,program_17,RUNS_ON,2,runs on,0
tool_102,program_45,RUNS_ON,2,runs on,0
tool_102,program_66,RUNS_ON,2,runs on,0
tool_103,program_72,RUNS_ON,2,runs on,0
tool_104,program_60,RUNS_ON,2,runs on,0
tool_104,program_90,RUNS_ON,2,runs on,0
tool_105,program_41,RUNS_ON,2,runs on,0
tool_105,program_72,RUNS_ON,2,runs on,0
tool_106,program_1,RUNS_ON,2,runs on,0
tool_107,program_90,RUNS_ON,2,runs on,0
tool_108,program_49,RUNS_ON,2,runs on,0
tool_108,program_85,RUNS_ON,2,runs on,0
tool_108,program_45,RUNS_ON,2,runs on,0
tool_109,program_68,RUNS_ON,2,runs on,0
tool_109,program_67,RUNS_ON,2,runs on,0
tool_110,program_17,RUNS_ON,2,runs on,0
tool_110,program_18,RUNS_ON,2,runs on,0
tool_111,program_90,RUNS_ON,2,runs on,0
tool_111,program_28,RUNS_ON,2,runs on,0
tool_0,subcat_22,CLASSIFIED_AS,1,classified as,0
tool_0,subcat_8,CLASSIFIED_AS,1,classified as,0
tool_1,subcat_9,CLASSIFIED_AS,1,classified as,0
tool_1,subcat_18,CLASSIFIED_AS,1,classified as,0
tool_2,subcat_19,CLASSIFIED_AS,1,classified as,0
tool_2,subcat_8,CLASSIFIED_AS,1,classified as,0
tool_3,subcat_13,CLASSIFIED_AS,1,classified as,0
tool_3,subcat_21,CLASSIFIED_AS,1,classified as,0
tool_3,subcat_2,CLASSIFIED_AS,1,classified as,0
tool_4,subcat_21,CLASSIFIED_AS,1,classified as,0
tool_5,subcat_19,CLASSIFIED_AS,1,classified as,0
tool_5,subcat_14,CLASSIFIED_AS,1,classified as,0
tool_6,subcat_14,CLASSIFIED_AS,1,classified as,0
tool_6,subcat_23,CLASSIFIED_AS,1,classified as,0
tool_7,subcat_9,CLASSIFIED_AS,1,classified as,0
tool_7,subcat_18,CLASSIFIED_AS,1,classified as,0
tool_8,subcat_9,CLASSIFIED_AS,1,classified as,0
tool_9,subcat_2,CLASSIFIED_AS,1,classified as,0
tool_9,subcat_18,CLASSIFIED_AS,1,classified as,0
tool_10,subcat_22,CLASSIFIED_AS,1,classified as,0
tool_11,subcat_22,CLASSIFIED_AS,1,classified as,0
tool_11,subcat_8,CLASSIFIED_AS,1,classified as,0
tool_12,subcat_19,CLASSIFIED_AS,1,classified as,0
tool_12,subcat_14,CLASSIFIED_AS,1,classified as,0
tool_13,subcat_13,CLASSIFIED_AS,1,classified as,0
tool_13,subcat_23,CLASSIFIED_AS,1,classified as,0
tool_14,subcat_18,CLASSIFIED_AS,1,classified as,0
tool_14,subcat_2,CLASSIFIED_AS,1,classified as,0
tool_15,subcat_10,CLASSIFIED_AS,1,classified as,0
tool_15,subcat_18,CLASSIFIED_AS,1,classified as,0
tool_16,subcat_18,CLASSIFIED_AS,1,classified as,0
tool_16,subcat_10,CLASSIFIED_AS,1,classified as,0
tool_16,subcat_8,CLASSIFIED_AS,1,classified as,0
tool_17,subcat_10,CLASSIFIED_AS,1,classified as,0
tool_18,subcat_18,CLASSIFIED_AS,1,classified as,0
tool_18,subcat_8,CLASSIFIED_AS,1,classified as,0
tool_19,subcat_13,CLASSIFIED_AS,1,classified as,0
tool_19,subcat_23,CLASSIFIED_AS,1,classified as,0
tool_20,subcat_23,CLASSIFIED_AS,1,classified as,0
tool_20,subcat_10,CLASSIFIED_AS,1,classified as,0
tool_21,subcat_23,CLASSIFIED_AS,1,classified as,0
tool_22,subcat_2,CLASSIFIED_AS,1,classified as,0
tool_22,subcat_23,CLASSIFIED_AS,1,classified as,0
tool_23,subcat_9,CLASSIFIED_AS,1,classified as,0
tool_24,subcat_15,CLASSIFIED_AS,1,classified as,0
tool_25,subcat_13,CLASSIFIED_AS,1,classified as,0
tool_25,subcat_22,CLASSIFIED_AS,1,classified as,0
tool_26,subcat_10,CLASSIFIED_AS,1,classified as,0
tool_27,subcat_21,CLASSIFIED_AS,1,classified as,0
tool_27,subcat_8,CLASSIFIED_AS,1,classified as,0
tool_28,subcat_21,CLASSIFIED_AS,1,classified as,0
tool_29,subcat_14,CLASSIFIED_AS,1,classified as,0
tool_29,subcat_19,CLASSIFIED_AS,1,classified as,0
tool_29,subcat_3,CLASSIFIED_AS,1,classified as,0
tool_30,subcat_11,CLASSIFIED_AS,1,classified as,0
tool_30,subcat_9,CLASSIFIED_AS,1,classified as,0
tool_31,subcat_20,CLASSIFIED_AS,1,classified as,0
tool_32,subcat_17,CLASSIFIED_AS,1,classified as,0
tool_33,subcat_20,CLASSIFIED_AS,1,classified as,0
tool_34,subcat_7,CLASSIFIED_AS,1,classified as,0
tool_35,subcat_3,CLASSIFIED_AS,1,classified as,0
tool_36,subcat_5,CLASSIFIED_AS,1,classified as,0
tool_36,subcat_8,CLASSIFIED_AS,1,classified as,0
tool_37,subcat_6,CLASSIFIED_AS,1,classified as,0
tool_37,subcat_8,CLASSIFIED_AS,1,classified as,0
tool_38,subcat_23,CLASSIFIED_AS,1,classified as,0
tool_38,subcat_13,CLASSIFIED_AS,1,classified as,0
tool_39,subcat_20,CLASSIFIED_AS,1,classified as,0
tool_40,subcat_17,CLASSIFIED_AS,1,classified as,0
tool_41,subcat_17,CLASSIFIED_AS,1,classified as,0
tool_42,subcat_17,CLASSIFIED_AS,1,classified as,0
tool_42,subcat_13,CLASSIFIED_AS,1,classified as,0
tool_43,subcat_17,CLASSIFIED_AS,1,classified as,0
tool_44,subcat_20,CLASSIFIED_AS,1,classified as,0
tool_45,subcat_20,CLASSIFIED_AS,1,classified as,0
tool_45,subcat_3,CLASSIFIED_AS,1,classified as,0
tool_46,subcat_7,CLASSIFIED_AS,1,classified as,0
tool_47,subcat_7,CLASSIFIED_AS,1,classified as,0
tool_48,subcat_7,CLASSIFIED_AS,1,classified as,0
tool_49,subcat_20,CLASSIFIED_AS,1,classified as,0
tool_50,subcat_13,CLASSIFIED_AS,1,classified as,0
tool_51,subcat_8,CLASSIFIED_AS,1,classified as,0
tool_51,subcat_7,CLASSIFIED_AS,1,classified as,0
tool_52,subcat_23,CLASSIFIED_AS,1,classified as,0
tool_53,subcat_11,CLASSIFIED_AS,1,classified as,0
tool_53,subcat_7,CLASSIFIED_AS,1,classified as,0
tool_54,subcat_17,CLASSIFIED_AS,1,classified as,0
tool_54,subcat_3,CLASSIFIED_AS,1,classified as,0
tool_55,subcat_22,CLASSIFIED_AS,1,classified as,0
tool_55,subcat_8,CLASSIFIED_AS,1,classified as,0
tool_56,subcat_8,CLASSIFIED_AS,1,classified as,0
tool_56,subcat_10,CLASSIFIED_AS,1,classified as,0
tool_57,subcat_3,CLASSIFIED_AS,1,classified as,0
tool_57,subcat_11,CLASSIFIED_AS,1,classified as,0
tool_57,subcat_7,CLASSIFIED_AS,1,classified as,0
tool_58,subcat_9,CLASSIFIED_AS,1,classified as,0
tool_58,subcat_3,CLASSIFIED_AS,1,classified as,0
tool_59,subcat_13,CLASSIFIED_AS,1,classified as,0
tool_59,subcat_23,CLASSIFIED_AS,1,classified as,0
tool_60,subcat_3,CLASSIFIED_AS,1,classified as,0
tool_60,subcat_7,CLASSIFIED_AS,1,classified as,0
tool_61,subcat_13,CLASSIFIED_AS,1,classified as,0
tool_61,subcat_7,CLASSIFIED_AS,1,classified as,0
tool_62,subcat_17,CLASSIFIED_AS,1,classified as,0
tool_62,subcat_8,CLASSIFIED_AS,1,classified as,0
tool_63,subcat_17,CLASSIFIED_AS,1,classified as,0
tool_63,subcat_11,CLASSIFIED_AS,1,classified as,0
tool_64,subcat_16,CLASSIFIED_AS,1,classified as,0
tool_65,subcat_19,CLASSIFIED_AS,1,classified as,0
tool_65,subcat_15,CLASSIFIED_AS,1,classified as,0
tool_66,subcat_21,CLASSIFIED_AS,1,classified as,0
tool_66,subcat_12,CLASSIFIED_AS,1,classified as,0
tool_67,subcat_15,CLASSIFIED_AS,1,classified as,0
tool_67,subcat_2,CLASSIFIED_AS,1,classified as,0
tool_68,subcat_16,CLASSIFIED_AS,1,classified as,0
tool_68,subcat_17,CLASSIFIED_AS,1,classified as,0
tool_69,subcat_13,CLASSIFIED_AS,1,classified as,0
tool_69,subcat_16,CLASSIFIED_AS,1,classified as,0
tool_70,subcat_17,CLASSIFIED_AS,1,classified as,0
tool_70,subcat_8,CLASSIFIED_AS,1,classified as,0
tool_71,subcat_8,CLASSIFIED_AS,1,classified as,0
tool_71,subcat_1,CLASSIFIED_AS,1,classified as,0
tool_72,subcat_21,CLASSIFIED_AS,1,classified as,0
tool_72,subcat_12,CLASSIFIED_AS,1,classified as,0
tool_73,subcat_15,CLASSIFIED_AS,1,classified as,0
tool_74,subcat_17,CLASSIFIED_AS,1,classified as,0
tool_74,subcat_0,CLASSIFIED_AS,1,classified as,0
tool_75,subcat_13,CLASSIFIED_AS,1,classified as,0
tool_75,subcat_9,CLASSIFIED_AS,1,classified as,0
tool_76,subcat_21,CLASSIFIED_AS,1,classified as,0
tool_76,subcat_12,CLASSIFIED_AS,1,classified as,0
tool_77,subcat_23,CLASSIFIED_AS,1,classified as,0
tool_77,subcat_3,CLASSIFIED_AS,1,classified as,0
tool_78,subcat_13,CLASSIFIED_AS,1,classified as,0
tool_78,subcat_17,CLASSIFIED_AS,1,classified as,0
tool_79,subcat_11,CLASSIFIED_AS,1,classified as,0
tool_79,subcat_3,CLASSIFIED_AS,1,classified as,0
tool_80,subcat_11,CLASSIFIED_AS,1,classified as,0
tool_80,subcat_0,CLASSIFIED_AS,1,classified as,0
tool_81,subcat_22,CLASSIFIED_AS,1,classified as,0
tool_81,subcat_8,CLASSIFIED_AS,1,classified as,0
tool_82,subcat_15,CLASSIFIED_AS,1,classified as,0
tool_83,subcat_15,CLASSIFIED_AS,1,classified as,0
tool_83,subcat_13,CLASSIFIED_AS,1,classified as,0
tool_84,subcat_19,CLASSIFIED_AS,1,classified as,0
tool_84,subcat_4,CLASSIFIED_AS,1,classified as,0
tool_85,subcat_9,CLASSIFIED_AS,1,classified as,0
tool_85,subcat_4,CLASSIFIED_AS,1,classified as,0
tool_86,subcat_15,CLASSIFIED_AS,1,classified as,0
tool_86,subcat_14,CLASSIFIED_AS,1,classified as,0
tool_87,subcat_23,CLASSIFIED_AS,1,classified as,0
tool_88,subcat_8,CLASSIFIED_AS,1,classified as,0
tool_88,subcat_1,CLASSIFIED_AS,1,classified as,0
tool_89,subcat_20,CLASSIFIED_AS,1,classified as,0
tool_89,subcat_24,CLASSIFIED_AS,1,classified as,0
tool_90,subcat_11,CLASSIFIED_AS,1,classified as,0
tool_90,subcat_18,CLASSIFIED_AS,1,classified as,0
tool_91,subcat_10,CLASSIFIED_AS,1,classified as,0
tool_91,subcat_9,CLASSIFIED_AS,1,classified as,0
tool_92,subcat_7,CLASSIFIED_AS,1,classified as,0
tool_92,subcat_8,CLASSIFIED_AS,1,classified as,0
tool_93,subcat_11,CLASSIFIED_AS,1,classified as,0
tool_93,subcat_3,CLASSIFIED_AS,1,classified as,0
tool_94,subcat_2,CLASSIFIED_AS,1,classified as,0
tool_94,subcat_22,CLASSIFIED_AS,1,classified as,0
tool_94,subcat_9,CLASSIFIED_AS,1,classified as,0
tool_95,subcat_17,CLASSIFIED_AS,1,classified as,0
tool_95,subcat_0,CLASSIFIED_AS,1,classified as,0
tool_96,subcat_7,CLASSIFIED_AS,1,classified as,0
tool_96,subcat_23,CLASSIFIED_AS,1,classified as,0
tool_97,subcat_7,CLASSIFIED_AS,1,classified as,0
tool_97,subcat_24,CLASSIFIED_AS,1,classified as,0
tool_98,subcat_3,CLASSIFIED_AS,1,classified as,0
tool_99,subcat_15,CLASSIFIED_AS,1,classified as,0
tool_99,subcat_2,CLASSIFIED_AS,1,classified as,0
tool_100,subcat_20,CLASSIFIED_AS,1,classified as,0
tool_100,subcat_13,CLASSIFIED_AS,1,classified as,0
tool_101,subcat_21,CLASSIFIED_AS,1,classified as,0
tool_101,subcat_8,CLASSIFIED_AS,1,classified as,0
tool_101,subcat_12,CLASSIFIED_AS,1,classified as,0
tool_102,subcat_22,CLASSIFIED_AS,1,classified as,0
tool_102,subcat_23,CLASSIFIED_AS,1,classified as,0
tool_103,subcat_3,CLASSIFIED_AS,1,classified as,0
tool_103,subcat_5,CLASSIFIED_AS,1,classified as,0
tool_104,subcat_9,CLASSIFIED_AS,1,classified as,0
tool_104,subcat_23,CLASSIFIED_AS,1,classified as,0
tool_105,subcat_7,CLASSIFIED_AS,1,classified as,0
tool_105,subcat_3,CLASSIFIED_AS,1,classified as,0
tool_106,subcat_9,CLASSIFIED_AS,1,classified as,0
tool_106,subcat_2,CLASSIFIED_AS,1,classified as,0
tool_107,subcat_15,CLASSIFIED_AS,1,classified as,0
tool_107,subcat_10,CLASSIFIED_AS,1,classified as,0
tool_107,subcat_23,CLASSIFIED_AS,1,classified as,0
tool_108,subcat_23,CLASSIFIED_AS,1,classified as,0
tool_109,subcat_19,CLASSIFIED_AS,1,classified as,0
tool_109,subcat_15,CLASSIFIED_AS,1,classified as,0
tool_109,subcat_2,CLASSIFIED_AS,1,classified as,0
tool_110,subcat_17,CLASSIFIED_AS,1,classified as,0
tool_110,subcat_0,CLASSIFIED_AS,1,classified as,0
tool_110,subcat_7,CLASSIFIED_AS,1,classified as,0
tool_111,subcat_10,CLASSIFIED_AS,1,classified as,0
tool_111,subcat_2,CLASSIFIED_AS,1,classified as,0
tool_111,subcat_23,CLASSIFIED_AS,1,classified as,0
paper_0,person_83,WRITTEN_BY,3,written by,0
paper_1,person_83,WRITTEN_BY,3,written by,0
paper_2,person_83,WRITTEN_BY,3,written by,0
paper_3,person_83,WRITTEN_BY,3,written by,0
paper_4,person_83,WRITTEN_BY,3,written by,0
paper_5,person_83,WRITTEN_BY,3,written by,0
paper_6,person_17,WRITTEN_BY,3,written by,0
paper_7,person_89,WRITTEN_BY,3,written by,0
paper_8,person_127,WRITTEN_BY,3,written by,0
paper_9,company_14,WRITTEN_BY,3,written by,0
paper_10,person_62,WRITTEN_BY,3,written by,0
paper_11,person_35,WRITTEN_BY,3,written by,0
paper_12,person_38,WRITTEN_BY,3,written by,0
paper_13,person_131,WRITTEN_BY,3,written by,0
paper_14,person_21,WRITTEN_BY,3,written by,0
paper_15,person_39,WRITTEN_BY,3,written by,0
paper_16,person_69,WRITTEN_BY,3,written by,0
paper_17,person_56,WRITTEN_BY,3,written by,0
paper_6,subcat_8,COVERS_TOPIC,2,covers topic,0
paper_7,subcat_21,COVERS_TOPIC,2,covers topic,0
paper_8,subcat_15,COVERS_TOPIC,2,covers topic,0
paper_9,subcat_10,COVERS_TOPIC,2,covers topic,0
paper_10,subcat_14,COVERS_TOPIC,2,covers topic,0
paper_11,subcat_2,COVERS_TOPIC,2,covers topic,0
paper_12,subcat_19,COVERS_TOPIC,2,covers topic,0
paper_13,subcat_2,COVERS_TOPIC,2,covers topic,0
paper_14,subcat_21,COVERS_TOPIC,2,covers topic,0
paper_15,subcat_14,COVERS_TOPIC,2,covers topic,0
paper_16,subcat_10,COVERS_TOPIC,2,covers topic,0
paper_17,subcat_14,COVERS_TOPIC,2,covers topic,0
collection_0,collection_1,INCLUDES,3,includes,0
collection_0,collection_2,INCLUDES,3,includes,0
collection_0,collection_3,INCLUDES,3,includes,0
collection_0,collection_4,INCLUDES,3,includes,0
collection_0,collection_5,INCLUDES,3,includes,0
collection_0,collection_6,INCLUDES,3,includes,0
collection_0,collection_7,INCLUDES,3,includes,0
collection_0,collection_8,INCLUDES,3,includes,0
collection_0,collection_9,INCLUDES,3,includes,0
collection_10,collection_11,INCLUDES,3,includes,0
collection_10,collection_12,INCLUDES,3,includes,0
collection_12,program_58,SAME_AS,2,same as,0
collection_10,collection_13,INCLUDES,3,includes,0
collection_10,collection_14,INCLUDES,3,includes,0
collection_10,collection_15,INCLUDES,3,includes,0
collection_10,collection_16,INCLUDES,3,includes,0
collection_10,collection_17,INCLUDES,3,includes,0
collection_10,collection_18,INCLUDES,3,includes,0
collection_10,collection_19,INCLUDES,3,includes,0
collection_19,program_77,SAME_AS,2,same as,0
collection_10,collection_20,INCLUDES,3,includes,0
collection_21,collection_22,INCLUDES,3,includes,0
collection_22,program_55,SAME_AS,2,same as,0
collection_21,collection_23,INCLUDES,3,includes,0
collection_21,collection_24,INCLUDES,3,includes,0
collection_21,collection_25,INCLUDES,3,includes,0
collection_25,program_32,SAME_AS,2,same as,0
collection_21,collection_26,INCLUDES,3,includes,0
collection_26,tool_84,SAME_AS,2,same as,0
collection_21,collection_27,INCLUDES,3,includes,0
collection_21,collection_28,INCLUDES,3,includes,0
collection_21,collection_29,INCLUDES,3,includes,0
collection_21,collection_30,INCLUDES,3,includes,0
collection_21,collection_31,INCLUDES,3,includes,0
otros_0,person_2,POSTED_BY,1,posted by,0
otros_1,person_20,POSTED_BY,1,posted by,0
otros_2,person_32,POSTED_BY,1,posted by,0
otros_3,person_32,POSTED_BY,1,posted by,0
otros_4,person_32,POSTED_BY,1,posted by,0
otros_5,person_101,POSTED_BY,1,posted by,0
otros_6,person_4,POSTED_BY,1,posted by,0
otros_7,company_120,POSTED_BY,1,posted by,0
otros_8,person_100,POSTED_BY,1,posted by,0
otros_9,person_102,POSTED_BY,1,posted by,0
otros_10,company_244,POSTED_BY,1,posted by,0
otros_11,company_193,POSTED_BY,1,posted by,0
otros_12,person_78,POSTED_BY,1,posted by,0
otros_13,person_78,POSTED_BY,1,posted by,0
otros_14,person_96,POSTED_BY,1,posted by,0
otros_15,person_46,POSTED_BY,1,posted by,0
otros_16,person_129,POSTED_BY,1,posted by,0
otros_17,person_3,POSTED_BY,1,posted by,0
otros_18,person_3,POSTED_BY,1,posted by,0
otros_19,person_27,POSTED_BY,1,posted by,0
otros_20,person_118,POSTED_BY,1,posted by,0
otros_21,person_36,POSTED_BY,1,posted by,0
otros_22,person_83,POSTED_BY,1,posted by,0
otros_23,company_193,POSTED_BY,1,posted by,0
otros_24,person_99,POSTED_BY,1,posted by,0
otros_25,person_43,POSTED_BY,1,posted by,0
otros_26,company_22,POSTED_BY,1,posted by,0
otros_27,person_133,POSTED_BY,1,posted by,0
otros_28,person_77,POSTED_BY,1,posted by,0
otros_29,person_55,POSTED_BY,1,posted by,0
otros_30,company_59,POSTED_BY,1,posted by,0
otros_31,person_66,POSTED_BY,1,posted by,0
otros_32,person_87,POSTED_BY,1,posted by,0
otros_33,person_6,POSTED_BY,1,posted by,0
otros_34,company_4,POSTED_BY,1,posted by,0
otros_35,person_94,POSTED_BY,1,posted by,0
otros_36,company_2,POSTED_BY,1,posted by,0
otros_37,person_105,POSTED_BY,1,posted by,0
otros_38,person_83,POSTED_BY,1,posted by,0
otros_39,person_91,POSTED_BY,1,posted by,0
otros_40,person_63,POSTED_BY,1,posted by,0
otros_41,person_27,POSTED_BY,1,posted by,0
otros_42,person_64,POSTED_BY,1,posted by,0
otros_43,person_0,POSTED_BY,1,posted by,0
otros_44,person_121,POSTED_BY,1,posted by,0
otros_45,person_52,POSTED_BY,1,posted by,0
otros_46,person_117,POSTED_BY,1,posted by,0
otros_47,person_73,POSTED_BY,1,posted by,0
otros_48,person_70,POSTED_BY,1,posted by,0
otros_49,person_28,POSTED_BY,1,posted by,0
otros_50,person_114,POSTED_BY,1,posted by,0
otros_51,person_51,POSTED_BY,1,posted by,0
otros_52,person_60,POSTED_BY,1,posted by,0
otros_53,person_42,POSTED_BY,1,posted by,0
otros_54,company_23,POSTED_BY,1,posted by,0
otros_55,person_71,POSTED_BY,1,posted by,0
otros_56,person_74,POSTED_BY,1,posted by,0
tool_94,tool_0,SIMILAR_PURPOSE,1,similar purpose,0
tool_94,tool_10,SIMILAR_PURPOSE,1,similar purpose,0
tool_94,tool_11,SIMILAR_PURPOSE,1,similar purpose,0
tool_94,tool_25,SIMILAR_PURPOSE,1,similar purpose,0
tool_94,tool_55,SIMILAR_PURPOSE,1,similar purpose,0
tool_94,tool_81,SIMILAR_PURPOSE,1,similar purpose,0
tool_94,tool_102,SIMILAR_PURPOSE,1,similar purpose,0
tool_56,tool_0,SIMILAR_PURPOSE,1,similar purpose,0
tool_56,tool_2,SIMILAR_PURPOSE,1,similar purpose,0
tool_56,tool_11,SIMILAR_PURPOSE,1,similar purpose,0
tool_56,tool_16,SIMILAR_PURPOSE,1,similar purpose,0
tool_56,tool_18,SIMILAR_PURPOSE,1,similar purpose,0
tool_56,tool_27,SIMILAR_PURPOSE,1,similar purpose,0
tool_56,tool_36,SIMILAR_PURPOSE,1,similar purpose,0
tool_56,tool_37,SIMILAR_PURPOSE,1,similar purpose,0
tool_56,tool_51,SIMILAR_PURPOSE,1,similar purpose,0
tool_56,tool_55,SIMILAR_PURPOSE,1,similar purpose,0
tool_56,tool_62,SIMILAR_PURPOSE,1,similar purpose,0
tool_56,tool_70,SIMILAR_PURPOSE,1,similar purpose,0
tool_56,tool_71,SIMILAR_PURPOSE,1,similar purpose,0
tool_56,tool_81,SIMILAR_PURPOSE,1,similar purpose,0
tool_56,tool_88,SIMILAR_PURPOSE,1,similar purpose,0
tool_56,tool_92,SIMILAR_PURPOSE,1,similar purpose,0
tool_56,tool_101,SIMILAR_PURPOSE,1,similar purpose,0
tool_75,tool_1,SIMILAR_PURPOSE,1,similar purpose,0
tool_75,tool_7,SIMILAR_PURPOSE,1,similar purpose,0
tool_75,tool_8,SIMILAR_PURPOSE,1,similar purpose,0
tool_75,tool_23,SIMILAR_PURPOSE,1,similar purpose,0
tool_75,tool_30,SIMILAR_PURPOSE,1,similar purpose,0
tool_75,tool_58,SIMILAR_PURPOSE,1,similar purpose,0
tool_75,tool_85,SIMILAR_PURPOSE,1,similar purpose,0
tool_75,tool_91,SIMILAR_PURPOSE,1,similar purpose,0
tool_75,tool_94,SIMILAR_PURPOSE,1,similar purpose,0
tool_75,tool_104,SIMILAR_PURPOSE,1,similar purpose,0
tool_75,tool_106,SIMILAR_PURPOSE,1,similar purpose,0
tool_7,tool_1,SIMILAR_PURPOSE,1,similar purpose,0
tool_7,tool_9,SIMILAR_PURPOSE,1,similar purpose,0
tool_7,tool_14,SIMILAR_PURPOSE,1,similar purpose,0
tool_7,tool_15,SIMILAR_PURPOSE,1,similar purpose,0
tool_7,tool_16,SIMILAR_PURPOSE,1,similar purpose,0
tool_7,tool_18,SIMILAR_PURPOSE,1,similar purpose,0
tool_7,tool_90,SIMILAR_PURPOSE,1,similar purpose,0
tool_109,tool_2,SIMILAR_PURPOSE,1,similar purpose,0
tool_109,tool_5,SIMILAR_PURPOSE,1,similar purpose,0
tool_109,tool_12,SIMILAR_PURPOSE,1,similar purpose,0
tool_109,tool_29,SIMILAR_PURPOSE,1,similar purpose,0
tool_109,tool_65,SIMILAR_PURPOSE,1,similar purpose,0
tool_109,tool_84,SIMILAR_PURPOSE,1,similar purpose,0
tool_75,tool_3,SIMILAR_PURPOSE,1,similar purpose,0
tool_75,tool_13,SIMILAR_PURPOSE,1,similar purpose,0
tool_75,tool_19,SIMILAR_PURPOSE,1,similar purpose,0
tool_75,tool_25,SIMILAR_PURPOSE,1,similar purpose,0
tool_75,tool_38,SIMILAR_PURPOSE,1,similar purpose,0
tool_75,tool_42,SIMILAR_PURPOSE,1,similar purpose,0
tool_75,tool_50,SIMILAR_PURPOSE,1,similar purpose,0
tool_75,tool_59,SIMILAR_PURPOSE,1,similar purpose,0
tool_75,tool_61,SIMILAR_PURPOSE,1,similar purpose,0
tool_75,tool_69,SIMILAR_PURPOSE,1,similar purpose,0
tool_75,tool_78,SIMILAR_PURPOSE,1,similar purpose,0
tool_75,tool_83,SIMILAR_PURPOSE,1,similar purpose,0
tool_75,tool_100,SIMILAR_PURPOSE,1,similar purpose,0
tool_76,tool_3,SIMILAR_PURPOSE,1,similar purpose,0
tool_76,tool_4,SIMILAR_PURPOSE,1,similar purpose,0
tool_76,tool_27,SIMILAR_PURPOSE,1,similar purpose,0
tool_76,tool_28,SIMILAR_PURPOSE,1,similar purpose,0
tool_76,tool_66,SIMILAR_PURPOSE,1,similar purpose,0
tool_76,tool_72,SIMILAR_PURPOSE,1,similar purpose,0
tool_76,tool_101,SIMILAR_PURPOSE,1,similar purpose,0
tool_67,tool_3,SIMILAR_PURPOSE,1,similar purpose,0
tool_67,tool_9,SIMILAR_PURPOSE,1,similar purpose,0
tool_67,tool_14,SIMILAR_PURPOSE,1,similar purpose,0
tool_67,tool_22,SIMILAR_PURPOSE,1,similar purpose,0
tool_67,tool_94,SIMILAR_PURPOSE,1,similar purpose,0
tool_67,tool_99,SIMILAR_PURPOSE,1,similar purpose,0
tool_67,tool_106,SIMILAR_PURPOSE,1,similar purpose,0
tool_67,tool_109,SIMILAR_PURPOSE,1,similar purpose,0
tool_67,tool_111,SIMILAR_PURPOSE,1,similar purpose,0
tool_86,tool_5,SIMILAR_PURPOSE,1,similar purpose,0
tool_86,tool_6,SIMILAR_PURPOSE,1,similar purpose,0
tool_86,tool_12,SIMILAR_PURPOSE,1,similar purpose,0
tool_86,tool_29,SIMILAR_PURPOSE,1,similar purpose,0
tool_107,tool_6,SIMILAR_PURPOSE,1,similar purpose,0
tool_107,tool_13,SIMILAR_PURPOSE,1,similar purpose,0
tool_107,tool_19,SIMILAR_PURPOSE,1,similar purpose,0
tool_107,tool_20,SIMILAR_PURPOSE,1,similar purpose,0
tool_107,tool_21,SIMILAR_PURPOSE,1,similar purpose,0
tool_107,tool_22,SIMILAR_PURPOSE,1,similar purpose,0
tool_107,tool_38,SIMILAR_PURPOSE,1,similar purpose,0
tool_107,tool_52,SIMILAR_PURPOSE,1,similar purpose,0
tool_107,tool_59,SIMILAR_PURPOSE,1,similar purpose,0
tool_107,tool_77,SIMILAR_PURPOSE,1,similar purpose,0
tool_107,tool_87,SIMILAR_PURPOSE,1,similar purpose,0
tool_107,tool_96,SIMILAR_PURPOSE,1,similar purpose,0
tool_107,tool_102,SIMILAR_PURPOSE,1,similar purpose,0
tool_107,tool_104,SIMILAR_PURPOSE,1,similar purpose,0
tool_107,tool_108,SIMILAR_PURPOSE,1,similar purpose,0
tool_107,tool_111,SIMILAR_PURPOSE,1,similar purpose,0
tool_107,tool_15,SIMILAR_PURPOSE,1,similar purpose,0
tool_107,tool_16,SIMILAR_PURPOSE,1,similar purpose,0
tool_107,tool_17,SIMILAR_PURPOSE,1,similar purpose,0
tool_107,tool_26,SIMILAR_PURPOSE,1,similar purpose,0
tool_107,tool_56,SIMILAR_PURPOSE,1,similar purpose,0
tool_107,tool_91,SIMILAR_PURPOSE,1,similar purpose,0
tool_107,tool_24,SIMILAR_PURPOSE,1,similar purpose,0
tool_107,tool_65,SIMILAR_PURPOSE,1,similar purpose,0
tool_107,tool_67,SIMILAR_PURPOSE,1,similar purpose,0
tool_107,tool_73,SIMILAR_PURPOSE,1,similar purpose,0
tool_107,tool_82,SIMILAR_PURPOSE,1,similar purpose,0
tool_107,tool_83,SIMILAR_PURPOSE,1,similar purpose,0
tool_107,tool_86,SIMILAR_PURPOSE,1,similar purpose,0
tool_107,tool_99,SIMILAR_PURPOSE,1,similar purpose,0
tool_107,tool_109,SIMILAR_PURPOSE,1,similar purpose,0
tool_57,tool_29,SIMILAR_PURPOSE,1,similar purpose,0
tool_57,tool_35,SIMILAR_PURPOSE,1,similar purpose,0
tool_57,tool_45,SIMILAR_PURPOSE,1,similar purpose,0
tool_57,tool_54,SIMILAR_PURPOSE,1,similar purpose,0
tool_57,tool_58,SIMILAR_PURPOSE,1,similar purpose,0
tool_57,tool_60,SIMILAR_PURPOSE,1,similar purpose,0
tool_57,tool_77,SIMILAR_PURPOSE,1,similar purpose,0
tool_57,tool_79,SIMILAR_PURPOSE,1,similar purpose,0
tool_57,tool_93,SIMILAR_PURPOSE,1,similar purpose,0
tool_57,tool_98,SIMILAR_PURPOSE,1,similar purpose,0
tool_57,tool_103,SIMILAR_PURPOSE,1,similar purpose,0
tool_57,tool_105,SIMILAR_PURPOSE,1,similar purpose,0
tool_57,tool_30,SIMILAR_PURPOSE,1,similar purpose,0
tool_57,tool_53,SIMILAR_PURPOSE,1,similar purpose,0
tool_57,tool_63,SIMILAR_PURPOSE,1,similar purpose,0
tool_57,tool_80,SIMILAR_PURPOSE,1,similar purpose,0
tool_57,tool_90,SIMILAR_PURPOSE,1,similar purpose,0
tool_33,tool_31,SIMILAR_PURPOSE,1,similar purpose,0
tool_33,tool_39,SIMILAR_PURPOSE,1,similar purpose,0
tool_33,tool_44,SIMILAR_PURPOSE,1,similar purpose,0
tool_33,tool_45,SIMILAR_PURPOSE,1,similar purpose,0
tool_33,tool_49,SIMILAR_PURPOSE,1,similar purpose,0
tool_33,tool_89,SIMILAR_PURPOSE,1,similar purpose,0
tool_33,tool_100,SIMILAR_PURPOSE,1,similar purpose,0
tool_74,tool_32,SIMILAR_PURPOSE,1,similar purpose,0
tool_74,tool_40,SIMILAR_PURPOSE,1,similar purpose,0
tool_74,tool_41,SIMILAR_PURPOSE,1,similar purpose,0
tool_74,tool_42,SIMILAR_PURPOSE,1,similar purpose,0
tool_74,tool_43,SIMILAR_PURPOSE,1,similar purpose,0
tool_74,tool_54,SIMILAR_PURPOSE,1,similar purpose,0
tool_74,tool_62,SIMILAR_PURPOSE,1,similar purpose,0
tool_74,tool_63,SIMILAR_PURPOSE,1,similar purpose,0
tool_74,tool_68,SIMILAR_PURPOSE,1,similar purpose,0
tool_74,tool_70,SIMILAR_PURPOSE,1,similar purpose,0
tool_74,tool_78,SIMILAR_PURPOSE,1,similar purpose,0
tool_74,tool_95,SIMILAR_PURPOSE,1,similar purpose,0
tool_74,tool_110,SIMILAR_PURPOSE,1,similar purpose,0
tool_57,tool_34,SIMILAR_PURPOSE,1,similar purpose,0
tool_57,tool_46,SIMILAR_PURPOSE,1,similar purpose,0
tool_57,tool_47,SIMILAR_PURPOSE,1,similar purpose,0
tool_57,tool_48,SIMILAR_PURPOSE,1,similar purpose,0
tool_57,tool_51,SIMILAR_PURPOSE,1,similar purpose,0
tool_57,tool_61,SIMILAR_PURPOSE,1,similar purpose,0
tool_57,tool_92,SIMILAR_PURPOSE,1,similar purpose,0
tool_57,tool_96,SIMILAR_PURPOSE,1,similar purpose,0
tool_57,tool_97,SIMILAR_PURPOSE,1,similar purpose,0
tool_57,tool_110,SIMILAR_PURPOSE,1,similar purpose,0
tool_64,tool_68,SIMILAR_PURPOSE,1,similar purpose,0
tool_64,tool_69,SIMILAR_PURPOSE,1,similar purpose,0
tool_74,tool_80,SIMILAR_PURPOSE,1,similar purpose,0
company_0,sector_0,OPERATES_IN,1,operates in,0
company_1,sector_12,OPERATES_IN,1,operates in,0
company_2,sector_0,OPERATES_IN,1,operates in,0
company_3,sector_9,OPERATES_IN,1,operates in,0
company_4,sector_12,OPERATES_IN,1,operates in,0
company_5,sector_12,OPERATES_IN,1,operates in,0
company_6,sector_12,OPERATES_IN,1,operates in,0
company_7,sector_12,OPERATES_IN,1,operates in,0
company_8,sector_10,OPERATES_IN,1,operates in,0
company_9,sector_12,OPERATES_IN,1,operates in,0
company_10,sector_4,OPERATES_IN,1,operates in,0
company_11,sector_2,OPERATES_IN,1,operates in,0
company_12,sector_10,OPERATES_IN,1,operates in,0
company_13,sector_12,OPERATES_IN,1,operates in,0
company_14,sector_9,OPERATES_IN,1,operates in,0
company_15,sector_9,OPERATES_IN,1,operates in,0
company_16,sector_10,OPERATES_IN,1,operates in,0
company_17,sector_12,OPERATES_IN,1,operates in,0
company_18,sector_12,OPERATES_IN,1,operates in,0
company_19,sector_12,OPERATES_IN,1,operates in,0
company_20,sector_12,OPERATES_IN,1,operates in,0
company_21,sector_9,OPERATES_IN,1,operates in,0
company_22,sector_2,OPERATES_IN,1,operates in,0
company_23,sector_4,OPERATES_IN,1,operates in,0
company_24,sector_12,OPERATES_IN,1,operates in,0
company_25,sector_0,OPERATES_IN,1,operates in,0
company_26,sector_12,OPERATES_IN,1,operates in,0
company_27,sector_12,OPERATES_IN,1,operates in,0
company_28,sector_12,OPERATES_IN,1,operates in,0
company_29,sector_12,OPERATES_IN,1,operates in,0
company_30,sector_12,OPERATES_IN,1,operates in,0
company_31,sector_12,OPERATES_IN,1,operates in,0
company_32,sector_5,OPERATES_IN,1,operates in,0
company_33,sector_1,OPERATES_IN,1,operates in,0
company_34,sector_12,OPERATES_IN,1,operates in,0
company_35,sector_0,OPERATES_IN,1,operates in,0
company_36,sector_5,OPERATES_IN,1,operates in,0
company_37,sector_5,OPERATES_IN,1,operates in,0
company_38,sector_5,OPERATES_IN,1,operates in,0
company_39,sector_6,OPERATES_IN,1,operates in,0
company_40,sector_12,OPERATES_IN,1,operates in,0
company_41,sector_1,OPERATES_IN,1,operates in,0
company_42,sector_12,OPERATES_IN,1,operates in,0
company_43,sector_4,OPERATES_IN,1,operates in,0
company_44,sector_7,OPERATES_IN,1,operates in,0
company_45,sector_10,OPERATES_IN,1,operates in,0
company_46,sector_12,OPERATES_IN,1,operates in,0
company_47,sector_12,OPERATES_IN,1,operates in,0
company_48,sector_10,OPERATES_IN,1,operates in,0
company_49,sector_12,OPERATES_IN,1,operates in,0
company_50,sector_4,OPERATES_IN,1,operates in,0
company_51,sector_12,OPERATES_IN,1,operates in,0
company_52,sector_9,OPERATES_IN,1,operates in,0
company_53,sector_2,OPERATES_IN,1,operates in,0
company_54,sector_12,OPERATES_IN,1,operates in,0
company_55,sector_0,OPERATES_IN,1,operates in,0
company_56,sector_9,OPERATES_IN,1,operates in,0
company_57,sector_6,OPERATES_IN,1,operates in,0
company_58,sector_12,OPERATES_IN,1,operates in,0
company_59,sector_10,OPERATES_IN,1,operates in,0
company_60,sector_12,OPERATES_IN,1,operates in,0
company_61,sector_4,OPERATES_IN,1,operates in,0
company_62,sector_12,OPERATES_IN,1,operates in,0
company_63,sector_12,OPERATES_IN,1,operates in,0
company_64,sector_12,OPERATES_IN,1,operates in,0
company_65,sector_12,OPERATES_IN,1,operates in,0
company_66,sector_9,OPERATES_IN,1,operates in,0
company_67,sector_12,OPERATES_IN,1,operates in,0
company_68,sector_12,OPERATES_IN,1,operates in,0
company_69,sector_10,OPERATES_IN,1,operates in,0
company_70,sector_12,OPERATES_IN,1,operates in,0
company_71,sector_11,OPERATES_IN,1,operates in,0
company_72,sector_11,OPERATES_IN,1,operates in,0
company_73,sector_10,OPERATES_IN,1,operates in,0
company_74,sector_10,OPERATES_IN,1,operates in,0
company_75,sector_1,OPERATES_IN,1,operates in,0
company_76,sector_3,OPERATES_IN,1,operates in,0
company_77,sector_3,OPERATES_IN,1,operates in,0
company_78,sector_12,OPERATES_IN,1,operates in,0
company_79,sector_12,OPERATES_IN,1,operates in,0
company_80,sector_12,OPERATES_IN,1,operates in,0
company_81,sector_12,OPERATES_IN,1,operates in,0
company_82,sector_12,OPERATES_IN,1,operates in,0
company_83,sector_4,OPERATES_IN,1,operates in,0
company_84,sector_12,OPERATES_IN,1,operates in,0
company_85,sector_0,OPERATES_IN,1,operates in,0
company_86,sector_7,OPERATES_IN,1,operates in,0
company_87,sector_12,OPERATES_IN,1,operates in,0
company_88,sector_12,OPERATES_IN,1,operates in,0
company_89,sector_5,OPERATES_IN,1,operates in,0
company_90,sector_0,OPERATES_IN,1,operates in,0
company_91,sector_0,OPERATES_IN,1,operates in,0
company_92,sector_9,OPERATES_IN,1,operates in,0
company_93,sector_2,OPERATES_IN,1,operates in,0
company_94,sector_12,OPERATES_IN,1,operates in,0
company_95,sector_5,OPERATES_IN,1,operates in,0
company_96,sector_12,OPERATES_IN,1,operates in,0
company_97,sector_12,OPERATES_IN,1,operates in,0
company_98,sector_12,OPERATES_IN,1,operates in,0
company_99,sector_11,OPERATES_IN,1,operates in,0
company_100,sector_0,OPERATES_IN,1,operates in,0
company_101,sector_0,OPERATES_IN,1,operates in,0
company_102,sector_12,OPERATES_IN,1,operates in,0
company_103,sector_0,OPERATES_IN,1,operates in,0
company_104,sector_0,OPERATES_IN,1,operates in,0
company_105,sector_5,OPERATES_IN,1,operates in,0
company_106,sector_5,OPERATES_IN,1,operates in,0
company_107,sector_5,OPERATES_IN,1,operates in,0
company_108,sector_5,OPERATES_IN,1,operates in,0
company_109,sector_10,OPERATES_IN,1,operates in,0
company_110,sector_5,OPERATES_IN,1,operates in,0
company_111,sector_10,OPERATES_IN,1,operates in,0
company_112,sector_4,OPERATES_IN,1,operates in,0
company_113,sector_2,OPERATES_IN,1,operates in,0
company_114,sector_12,OPERATES_IN,1,operates in,0
company_115,sector_12,OPERATES_IN,1,operates in,0
company_116,sector_12,OPERATES_IN,1,operates in,0
company_117,sector_12,OPERATES_IN,1,operates in,0
company_118,sector_9,OPERATES_IN,1,operates in,0
company_119,sector_9,OPERATES_IN,1,operates in,0
company_120,sector_9,OPERATES_IN,1,operates in,0
company_121,sector_2,OPERATES_IN,1,operates in,0
company_122,sector_12,OPERATES_IN,1,operates in,0
company_123,sector_0,OPERATES_IN,1,operates in,0
company_124,sector_0,OPERATES_IN,1,operates in,0
company_125,sector_10,OPERATES_IN,1,operates in,0
company_126,sector_12,OPERATES_IN,1,operates in,0
company_127,sector_0,OPERATES_IN,1,operates in,0
company_128,sector_10,OPERATES_IN,1,operates in,0
company_129,sector_12,OPERATES_IN,1,operates in,0
company_130,sector_0,OPERATES_IN,1,operates in,0
company_131,sector_0,OPERATES_IN,1,operates in,0
company_132,sector_5,OPERATES_IN,1,operates in,0
company_133,sector_12,OPERATES_IN,1,operates in,0
company_134,sector_9,OPERATES_IN,1,operates in,0
company_135,sector_12,OPERATES_IN,1,operates in,0
company_136,sector_12,OPERATES_IN,1,operates in,0
company_137,sector_12,OPERATES_IN,1,operates in,0
company_138,sector_12,OPERATES_IN,1,operates in,0
company_139,sector_0,OPERATES_IN,1,operates in,0
company_140,sector_10,OPERATES_IN,1,operates in,0
company_141,sector_12,OPERATES_IN,1,operates in,0
company_142,sector_2,OPERATES_IN,1,operates in,0
company_143,sector_4,OPERATES_IN,1,operates in,0
company_144,sector_6,OPERATES_IN,1,operates in,0
company_145,sector_6,OPERATES_IN,1,operates in,0
company_146,sector_9,OPERATES_IN,1,operates in,0
company_147,sector_10,OPERATES_IN,1,operates in,0
company_148,sector_1,OPERATES_IN,1,operates in,0
company_149,sector_0,OPERATES_IN,1,operates in,0
company_150,sector_10,OPERATES_IN,1,operates in,0
company_151,sector_10,OPERATES_IN,1,operates in,0
company_152,sector_4,OPERATES_IN,1,operates in,0
company_153,sector_12,OPERATES_IN,1,operates in,0
company_154,sector_12,OPERATES_IN,1,operates in,0
company_155,sector_12,OPERATES_IN,1,operates in,0
company_156,sector_0,OPERATES_IN,1,operates in,0
company_157,sector_12,OPERATES_IN,1,operates in,0
company_158,sector_12,OPERATES_IN,1,operates in,0
company_159,sector_4,OPERATES_IN,1,operates in,0
company_160,sector_12,OPERATES_IN,1,operates in,0
company_161,sector_7,OPERATES_IN,1,operates in,0
company_162,sector_7,OPERATES_IN,1,operates in,0
company_163,sector_7,OPERATES_IN,1,operates in,0
company_164,sector_12,OPERATES_IN,1,operates in,0
company_165,sector_1,OPERATES_IN,1,operates in,0
company_166,sector_9,OPERATES_IN,1,operates in,0
company_167,sector_7,OPERATES_IN,1,operates in,0
company_168,sector_2,OPERATES_IN,1,operates in,0
company_169,sector_4,OPERATES_IN,1,operates in,0
company_170,sector_10,OPERATES_IN,1,operates in,0
company_171,sector_9,OPERATES_IN,1,operates in,0
company_172,sector_12,OPERATES_IN,1,operates in,0
company_173,sector_1,OPERATES_IN,1,operates in,0
company_174,sector_12,OPERATES_IN,1,operates in,0
company_175,sector_12,OPERATES_IN,1,operates in,0
company_176,sector_1,OPERATES_IN,1,operates in,0
company_177,sector_12,OPERATES_IN,1,operates in,0
company_178,sector_12,OPERATES_IN,1,operates in,0
company_179,sector_12,OPERATES_IN,1,operates in,0
company_180,sector_12,OPERATES_IN,1,operates in,0
company_181,sector_12,OPERATES_IN,1,operates in,0
company_182,sector_12,OPERATES_IN,1,operates in,0
company_183,sector_12,OPERATES_IN,1,operates in,0
company_184,sector_12,OPERATES_IN,1,operates in,0
company_185,sector_12,OPERATES_IN,1,operates in,0
company_186,sector_10,OPERATES_IN,1,operates in,0
company_187,sector_9,OPERATES_IN,1,operates in,0
company_188,sector_12,OPERATES_IN,1,operates in,0
company_189,sector_12,OPERATES_IN,1,operates in,0
company_190,sector_1,OPERATES_IN,1,operates in,0
company_191,sector_1,OPERATES_IN,1,operates in,0
company_192,sector_2,OPERATES_IN,1,operates in,0
company_193,sector_12,OPERATES_IN,1,operates in,0
company_194,sector_3,OPERATES_IN,1,operates in,0
company_195,sector_12,OPERATES_IN,1,operates in,0
company_196,sector_2,OPERATES_IN,1,operates in,0
company_197,sector_2,OPERATES_IN,1,operates in,0
company_198,sector_10,OPERATES_IN,1,operates in,0
company_199,sector_10,OPERATES_IN,1,operates in,0
company_200,sector_10,OPERATES_IN,1,operates in,0
company_201,sector_12,OPERATES_IN,1,operates in,0
company_202,sector_0,OPERATES_IN,1,operates in,0
company_203,sector_12,OPERATES_IN,1,operates in,0
company_204,sector_12,OPERATES_IN,1,operates in,0
company_205,sector_12,OPERATES_IN,1,operates in,0
company_206,sector_12,OPERATES_IN,1,operates in,0
company_207,sector_12,OPERATES_IN,1,operates in,0
company_208,sector_0,OPERATES_IN,1,operates in,0
company_209,sector_4,OPERATES_IN,1,operates in,0
company_210,sector_9,OPERATES_IN,1,operates in,0
company_211,sector_9,OPERATES_IN,1,operates in,0
company_212,sector_12,OPERATES_IN,1,operates in,0
company_213,sector_1,OPERATES_IN,1,operates in,0
company_214,sector_12,OPERATES_IN,1,operates in,0
company_215,sector_12,OPERATES_IN,1,operates in,0
company_216,sector_12,OPERATES_IN,1,operates in,0
company_217,sector_12,OPERATES_IN,1,operates in,0
company_218,sector_10,OPERATES_IN,1,operates in,0
company_219,sector_3,OPERATES_IN,1,operates in,0
company_220,sector_3,OPERATES_IN,1,operates in,0
company_221,sector_3,OPERATES_IN,1,operates in,0
company_222,sector_3,OPERATES_IN,1,operates in,0
company_223,sector_12,OPERATES_IN,1,operates in,0
company_224,sector_12,OPERATES_IN,1,operates in,0
company_225,sector_12,OPERATES_IN,1,operates in,0
company_226,sector_12,OPERATES_IN,1,operates in,0
company_227,sector_12,OPERATES_IN,1,operates in,0
company_228,sector_12,OPERATES_IN,1,operates in,0
company_229,sector_12,OPERATES_IN,1,operates in,0
company_230,sector_6,OPERATES_IN,1,operates in,0
company_231,sector_12,OPERATES_IN,1,operates in,0
company_232,sector_12,OPERATES_IN,1,operates in,0
company_233,sector_0,OPERATES_IN,1,operates in,0
company_234,sector_12,OPERATES_IN,1,operates in,0
company_235,sector_11,OPERATES_IN,1,operates in,0
company_236,sector_12,OPERATES_IN,1,operates in,0
company_237,sector_12,OPERATES_IN,1,operates in,0
company_238,sector_2,OPERATES_IN,1,operates in,0
company_239,sector_2,OPERATES_IN,1,operates in,0
company_240,sector_12,OPERATES_IN,1,operates in,0
company_241,sector_12,OPERATES_IN,1,operates in,0
company_242,sector_0,OPERATES_IN,1,operates in,0
company_243,sector_0,OPERATES_IN,1,operates in,0
company_244,sector_4,OPERATES_IN,1,operates in,0
company_245,sector_0,OPERATES_IN,1,operates in,0
company_246,sector_0,OPERATES_IN,1,operates in,0
company_247,sector_0,OPERATES_IN,1,operates in,0
company_248,sector_12,OPERATES_IN,1,operates in,0
company_249,sector_0,OPERATES_IN,1,operates in,0
company_250,sector_0,OPERATES_IN,1,operates in,0
company_251,sector_0,OPERATES_IN,1,operates in,0
company_252,sector_0,OPERATES_IN,1,operates in,0
company_253,sector_0,OPERATES_IN,1,operates in,0
company_254,sector_0,OPERATES_IN,1,operates in,0
company_255,sector_12,OPERATES_IN,1,operates in,0
company_256,sector_10,OPERATES_IN,1,operates in,0
company_257,sector_0,OPERATES_IN,1,operates in,0
company_258,sector_1,OPERATES_IN,1,operates in,0
company_259,sector_8,OPERATES_IN,1,operates in,0
company_260,sector_8,OPERATES_IN,1,operates in,0
company_261,sector_8,OPERATES_IN,1,operates in,0
company_262,sector_8,OPERATES_IN,1,operates in,0
company_263,sector_8,OPERATES_IN,1,operates in,0
company_264,sector_8,OPERATES_IN,1,operates in,0
company_265,sector_8,OPERATES_IN,1,operates in,0
company_266,sector_8,OPERATES_IN,1,operates in,0
company_267,sector_8,OPERATES_IN,1,operates in,0
company_268,sector_6,OPERATES_IN,1,operates in,0
company_269,sector_0,OPERATES_IN,1,operates in,0
company_270,sector_0,OPERATES_IN,1,operates in,0
company_271,sector_0,OPERATES_IN,1,operates in,0
company_272,sector_0,OPERATES_IN,1,operates in,0
company_273,sector_0,OPERATES_IN,1,operates in,0
company_274,sector_0,OPERATES_IN,1,operates in,0
company_275,sector_13,OPERATES_IN,1,operates in,0
company_276,sector_0,OPERATES_IN,1,operates in,0
company_277,sector_0,OPERATES_IN,1,operates in,0
company_278,sector_0,OPERATES_IN,1,operates in,0
company_279,sector_13,OPERATES_IN,1,operates in,0
company_280,sector_0,OPERATES_IN,1,operates in,0
company_281,sector_0,OPERATES_IN,1,operates in,0
company_282,sector_0,OPERATES_IN,1,operates in,0
company_283,sector_10,OPERATES_IN,1,operates in,0
company_284,sector_10,OPERATES_IN,1,operates in,0
company_285,sector_0,OPERATES_IN,1,operates in,0
company_286,sector_0,OPERATES_IN,1,operates in,0
company_287,sector_0,OPERATES_IN,1,operates in,0
company_288,sector_12,OPERATES_IN,1,operates in,0
company_289,sector_0,OPERATES_IN,1,operates in,0
company_290,sector_12,OPERATES_IN,1,operates in,0
company_291,sector_7,OPERATES_IN,1,operates in,0
company_292,sector_12,OPERATES_IN,1,operates in,0
company_293,sector_12,OPERATES_IN,1,operates in,0
